0;0;0;0;land;false;unknown;0
1;77;217;213;land;true;plains;5
2;215;238;235;land;true;plains;5
3;247;135;233;land;false;plains;2
4;248;237;106;land;false;hills;2
5;216;223;227;land;false;plains;5
6;216;69;235;land;false;hills;5
7;112;237;236;land;false;forest;2
8;214;141;206;land;false;forest;2
9;190;252;171;land;false;hills;2
10;161;95;253;land;true;plains;5
11;176;140;230;land;false;forest;2
12;220;201;138;land;true;plains;3
13;143;235;222;land;false;plains;2
14;232;218;93;land;false;plains;2
15;194;204;227;land;false;plains;2
16;160;223;138;land;false;plains;2
17;134;229;158;land;false;plains;5
18;99;207;254;land;false;plains;2
19;243;150;156;land;false;hills;2
20;191;233;143;land;true;plains;5
21;219;222;210;land;true;plains;2
22;193;206;136;land;false;plains;2
23;160;247;247;land;true;plains;5
24;94;250;254;land;true;marsh;2
25;167;244;137;land;false;plains;2
26;197;172;195;land;false;plains;2
27;234;161;243;land;true;plains;2
28;250;147;111;land;false;plains;3
29;161;193;244;land;false;plains;5
30;122;146;233;land;false;plains;5
31;174;154;233;land;true;plains;5
32;100;201;212;land;false;mountain;2
33;110;177;251;land;false;plains;5
34;232;131;165;land;false;plains;2
35;206;175;229;land;false;jungle;2
36;184;229;253;land;false;mountain;2
37;160;249;198;land;false;plains;5
38;198;103;211;land;false;plains;5
39;226;137;202;land;false;plains;2
40;195;180;249;land;true;plains;2
41;213;187;210;land;false;plains;4
42;238;176;202;land;false;mountain;2
43;254;213;120;land;true;plains;5
44;167;148;204;land;false;plains;5
45;240;97;243;land;false;forest;2
46;179;237;166;land;false;plains;5
47;190;157;239;land;false;plains;2
48;240;88;208;land;true;plains;5
49;169;176;219;land;true;hills;2
50;173;201;190;land;false;plains;2
51;174;164;217;land;false;hills;5
52;225;241;92;land;false;plains;5
53;153;240;120;land;false;plains;2
54;201;180;201;land;false;plains;5
55;233;77;238;land;true;plains;2
56;254;223;192;land;true;plains;5
57;217;220;234;land;true;plains;2
58;70;237;250;land;true;plains;3
59;194;147;220;land;false;mountain;5
60;243;91;173;land;true;plains;5
61;236;145;213;land;false;plains;2
62;228;246;108;land;false;plains;2
63;216;157;208;land;false;mountain;5
64;177;160;169;land;false;plains;2
65;235;124;230;land;false;plains;3
66;170;163;237;land;true;plains;5
67;205;234;115;land;false;plains;2
68;146;233;182;land;true;plains;5
69;125;153;227;land;false;plains;5
70;25;247;230;land;false;plains;5
71;188;202;188;land;false;plains;2
72;219;153;194;land;false;plains;5
73;236;106;159;land;false;mountain;2
74;186;126;226;land;false;forest;2
75;239;172;108;land;false;hills;5
76;234;172;168;land;false;forest;2
77;178;223;168;land;false;plains;5
78;235;245;242;land;false;forest;2
79;240;180;178;land;false;plains;2
80;204;215;150;land;false;hills;2
81;250;179;165;land;false;plains;5
82;217;128;225;land;true;plains;5
83;158;233;182;land;true;plains;5
84;126;172;203;land;false;forest;2
85;243;186;101;land;false;plains;2
86;252;133;199;land;false;plains;2
87;159;190;191;land;true;plains;5
88;244;238;110;land;false;plains;2
89;236;224;136;land;false;plains;2
90;209;92;228;land;false;hills;5
91;83;194;226;land;false;plains;2
92;250;172;242;land;false;plains;2
93;118;237;160;land;true;plains;5
94;243;173;100;land;false;plains;2
95;244;47;211;land;false;plains;2
96;198;239;200;land;false;plains;5
97;252;210;243;land;false;plains;2
98;159;215;216;land;false;forest;2
99;121;198;234;land;true;plains;5
100;126;159;223;land;true;forest;2
101;171;140;204;land;true;plains;5
102;205;170;195;land;false;mountain;2
103;242;104;196;land;false;jungle;2
104;249;211;208;land;true;plains;2
105;215;54;252;land;false;plains;2
106;217;159;192;land;false;hills;5
107;197;233;214;land;true;plains;2
108;240;188;185;land;false;plains;2
109;179;209;209;land;false;plains;5
110;208;233;231;land;false;plains;2
111;254;148;190;land;false;desert;5
112;121;238;165;land;false;forest;2
113;105;243;249;land;true;plains;3
114;253;97;189;land;false;plains;5
115;213;189;218;land;false;plains;2
116;233;141;249;land;true;urban;5
117;201;97;221;land;false;mountain;2
118;208;102;240;land;true;plains;5
119;204;232;187;land;false;plains;2
120;254;177;86;land;false;plains;2
121;250;94;160;land;false;mountain;2
122;177;158;249;land;true;plains;5
123;208;59;252;land;false;desert;2
124;185;196;203;land;false;hills;2
125;149;148;227;land;false;plains;5
126;230;190;205;land;false;plains;2
127;230;223;193;land;false;plains;2
128;124;172;219;land;false;plains;3
129;183;242;223;land;false;forest;2
130;80;250;249;land;true;plains;5
131;156;146;221;land;false;plains;5
132;222;243;188;land;false;desert;4
133;92;249;202;land;false;plains;5
134;199;242;85;land;false;hills;5
135;249;239;216;land;false;plains;5
136;168;207;142;land;false;plains;5
137;159;179;247;land;false;mountain;2
138;198;202;123;land;false;mountain;2
139;236;127;167;land;false;plains;5
140;198;178;225;land;false;desert;5
141;183;235;182;land;false;plains;5
142;226;132;200;land;false;hills;2
143;190;147;172;land;true;plains;5
144;133;236;194;land;true;plains;5
145;132;131;248;land;true;forest;2
146;116;211;233;land;false;mountain;2
147;230;211;113;land;false;plains;5
148;238;50;213;land;true;plains;2
149;235;89;189;land;false;plains;2
150;233;240;175;land;true;plains;3
151;232;148;169;land;false;plains;2
152;94;241;213;land;false;plains;5
153;168;142;222;land;true;plains;5
154;206;130;232;land;false;plains;5
155;207;106;233;land;false;hills;5
156;146;229;163;land;false;plains;2
157;192;227;114;land;false;plains;5
158;167;152;188;land;false;plains;2
159;120;229;163;land;false;plains;2
160;154;237;172;land;false;plains;2
161;224;230;139;land;false;hills;2
162;65;248;193;land;false;plains;5
163;96;202;218;land;true;plains;5
164;121;203;231;land;false;plains;2
165;251;183;108;land;false;plains;2
166;135;197;213;land;false;hills;2
167;244;80;181;land;true;plains;5
168;212;193;229;land;false;plains;5
169;172;214;188;land;false;desert;4
170;146;246;141;land;false;plains;4
171;242;193;128;land;false;plains;2
172;181;254;249;land;false;hills;2
173;147;147;209;land;true;marsh;2
174;249;204;218;land;false;plains;5
175;163;180;222;land;true;mountain;5
176;202;217;229;land;false;jungle;2
177;230;156;138;land;true;plains;5
178;196;253;168;land;true;plains;2
179;235;203;205;land;true;plains;2
180;239;240;105;land;false;plains;2
181;214;214;90;land;false;plains;2
182;127;227;248;land;false;plains;5
183;117;246;153;land;false;plains;5
184;240;238;82;land;false;hills;5
185;216;156;137;land;true;plains;5
186;250;144;179;land;true;forest;2
187;70;247;206;land;true;plains;2
188;254;83;247;land;false;plains;5
189;233;212;142;land;false;mountain;2
190;147;217;217;land;false;plains;2
191;240;174;236;land;false;plains;3
192;210;174;159;land;false;plains;2
193;174;150;184;land;false;plains;2
194;189;197;154;land;true;plains;3
195;187;142;176;land;false;plains;2
196;185;192;241;land;false;plains;5
197;215;196;130;land;false;plains;5
198;201;217;222;land;true;urban;2
199;216;248;71;land;true;plains;2
200;199;196;176;land;false;hills;2
201;205;233;106;land;false;jungle;2
202;136;204;199;land;false;plains;5
203;209;182;159;land;false;desert;4
204;217;197;138;land;false;plains;5
205;232;182;170;land;false;hills;5
206;226;215;94;land;false;hills;2
207;222;234;194;land;false;plains;2
208;202;223;79;land;false;forest;2
209;236;229;55;land;false;plains;2
210;254;34;237;land;false;plains;5
211;214;237;209;land;false;plains;5
212;211;218;229;land;true;plains;5
213;107;226;187;land;false;plains;2
214;126;165;226;land;false;plains;5
215;228;222;122;land;true;plains;3
216;167;250;128;land;false;plains;2
217;86;246;244;land;true;plains;5
218;176;244;103;land;false;mountain;2
219;234;245;134;land;false;plains;2
220;227;207;217;land;false;plains;2
221;233;219;176;land;false;forest;2
222;145;219;202;land;false;plains;2
223;186;106;242;land;false;plains;3
224;155;139;233;land;false;hills;2
225;79;241;224;land;false;forest;2
226;201;163;169;land;false;plains;5
227;206;193;124;land;false;plains;3
228;229;170;166;land;false;plains;5
229;138;236;191;land;false;forest;2
230;175;170;212;land;true;plains;3
231;136;112;254;land;false;plains;5
232;173;154;211;land;false;plains;5
233;225;195;132;land;false;plains;5
234;111;238;172;land;false;plains;5
235;214;141;166;land;false;plains;5
236;242;195;178;land;true;plains;2
237;202;210;165;land;false;hills;5
238;111;240;154;land;false;plains;5
239;241;108;245;land;false;jungle;2
240;246;252;185;land;false;plains;5
241;189;157;206;land;false;forest;2
242;64;240;243;land;true;forest;2
243;197;231;182;land;false;plains;5
244;135;209;227;land;true;mountain;5
245;191;203;235;land;true;plains;3
246;182;242;108;land;false;hills;2
247;249;28;230;land;false;plains;2
248;242;213;142;land;false;plains;2
249;225;198;131;land;false;forest;2
250;123;209;240;land;false;plains;3
251;244;141;228;land;false;plains;5
252;143;247;224;land;false;plains;5
253;250;169;151;land;false;desert;4
254;132;245;246;land;false;plains;2
255;220;249;242;land;false;plains;5
256;238;148;221;land;true;plains;5
257;231;236;139;land;false;jungle;2
258;249;210;93;land;true;plains;3
259;242;244;147;land;false;forest;2
260;162;211;182;land;false;plains;5
261;223;61;217;land;false;plains;2
262;69;218;226;land;true;plains;2
263;187;188;163;land;false;plains;5
264;246;159;133;land;true;plains;2
265;163;203;172;land;false;mountain;2
266;208;150;254;land;true;plains;2
267;191;149;237;land;false;plains;2
268;246;175;182;land;false;plains;2
269;230;88;207;land;false;mountain;2
270;156;247;211;land;false;forest;2
271;241;233;195;land;true;desert;4
272;205;228;177;land;true;plains;5
273;196;250;57;land;false;hills;2
274;238;66;236;land;false;plains;2
275;250;239;60;land;true;plains;5
276;37;247;237;land;false;hills;2
277;129;150;251;land;false;desert;2
278;194;236;102;land;false;plains;5
279;249;207;233;land;false;plains;2
280;124;184;205;land;false;forest;5
281;48;219;246;land;false;plains;5
282;179;242;169;land;true;plains;5
283;248;36;244;land;false;desert;5
284;234;102;177;land;false;jungle;2
285;250;126;126;land;false;plains;5
286;202;229;166;land;true;plains;2
287;200;224;141;land;false;plains;2
288;208;121;209;land;true;plains;5
289;121;244;231;land;false;jungle;2
290;141;202;187;land;false;desert;5
291;221;143;236;land;false;mountain;3
292;249;90;209;land;true;plains;2
293;167;227;195;land;false;desert;5
294;239;178;172;land;false;plains;2
295;83;242;177;land;false;plains;2
296;221;220;121;land;false;hills;2
297;180;215;135;land;false;plains;5
298;221;133;209;land;false;forest;2
299;172;215;175;land;false;plains;3
300;206;244;165;land;false;hills;2
301;124;199;212;land;false;hills;5
302;231;245;42;land;true;plains;5
303;162;205;136;land;true;desert;4
304;236;62;237;land;false;forest;5
305;250;170;173;land;true;mountain;2
306;233;178;245;land;true;plains;5
307;191;170;222;land;true;plains;5
308;97;196;247;land;true;plains;5
309;227;126;240;land;false;plains;2
310;208;213;172;land;false;plains;2
311;246;229;121;land;false;mountain;5
312;176;248;95;land;false;mountain;2
313;106;202;195;land;false;plains;2
314;204;240;173;land;false;hills;5
315;149;214;213;land;true;plains;5
316;200;253;210;land;true;plains;5
317;191;234;146;land;false;mountain;5
318;161;204;183;land;true;forest;2
319;166;189;149;land;false;plains;2
320;188;226;193;land;false;forest;5
321;179;230;200;land;false;mountain;2
322;92;251;162;land;false;forest;5
323;35;236;241;land;false;hills;2
324;105;239;178;land;false;plains;2
325;149;190;212;land;false;forest;2
326;220;170;161;land;false;desert;4
327;216;247;101;land;false;plains;5
328;173;204;213;land;true;plains;2
329;33;250;231;land;false;hills;2
330;213;241;241;land;false;hills;2
331;228;211;133;land;true;plains;2
332;117;223;191;land;false;plains;5
333;247;132;157;land;false;jungle;2
334;239;180;110;land;false;mountain;2
335;172;190;218;land;true;forest;2
336;166;250;224;land;false;plains;2
337;233;208;160;land;false;plains;5
338;184;141;202;land;false;plains;3
339;173;162;186;land;false;hills;5
340;243;61;241;land;false;plains;2
341;216;238;249;land;true;plains;2
342;215;212;241;land;false;plains;5
343;215;170;180;land;true;plains;5
344;159;239;182;land;false;forest;2
345;131;242;136;land;true;plains;2
346;203;179;217;land;false;plains;5
347;197;172;134;land;false;plains;2
348;195;199;116;land;false;forest;2
349;250;223;160;land;false;mountain;2
350;197;248;242;land;false;mountain;2
351;159;120;236;land;true;plains;2
352;190;220;149;land;false;plains;5
353;11;246;254;land;false;mountain;2
354;130;212;165;land;false;plains;2
355;181;189;180;land;false;desert;2
356;205;161;215;land;false;hills;2
357;219;242;187;land;false;forest;2
358;227;189;126;land;false;forest;2
359;182;132;228;land;false;hills;2
360;136;181;244;land;false;desert;5
361;192;190;215;land;true;forest;2
362;165;229;147;land;false;forest;2
363;96;246;189;land;true;plains;5
364;220;110;221;land;true;forest;2
365;241;206;165;land;false;hills;2
366;121;166;249;land;false;forest;2
367;178;157;206;land;true;plains;3
368;246;203;213;land;false;mountain;2
369;212;165;148;land;false;forest;2
370;134;218;225;land;false;forest;2
371;145;167;235;land;true;plains;5
372;73;219;241;land;false;plains;5
373;235;102;191;land;false;plains;5
374;204;115;230;land;true;plains;5
375;84;207;230;land;false;plains;2
376;175;204;232;land;true;plains;5
377;222;242;207;land;false;plains;5
378;232;137;217;land;false;plains;2
379;233;173;216;land;false;plains;3
380;190;117;201;land;false;desert;4
381;178;131;201;land;false;plains;2
382;188;166;239;land;false;plains;2
383;198;186;134;land;false;plains;5
384;121;155;249;land;true;plains;5
385;219;189;111;land;true;plains;5
386;253;61;253;land;true;plains;2
387;252;144;121;land;false;forest;2
388;190;221;160;land;true;jungle;2
389;250;86;204;land;true;plains;5
390;145;227;246;land;false;plains;2
391;161;106;241;land;false;plains;2
392;243;130;175;land;false;forest;2
393;251;250;132;land;true;plains;2
394;114;245;150;land;false;forest;2
395;233;191;217;land;false;forest;2
396;206;198;98;land;false;plains;2
397;214;219;196;land;false;mountain;5
398;144;249;219;land;false;plains;2
399;201;115;222;land;true;plains;2
400;192;217;207;land;false;plains;2
401;228;236;92;land;false;plains;2
402;191;231;95;land;false;plains;5
403;226;238;210;land;true;plains;2
404;228;180;160;land;false;plains;2
405;246;215;48;land;false;plains;2
406;116;231;174;land;false;plains;5
407;135;138;254;land;false;desert;4
408;162;235;241;land;false;forest;2
409;193;253;172;land;true;plains;5
410;144;190;190;land;true;desert;2
411;204;216;170;land;false;forest;2
412;247;85;215;land;false;mountain;3
413;184;136;235;land;false;plains;5
414;195;230;205;land;false;plains;2
415;77;225;233;land;false;desert;4
416;211;151;158;land;false;plains;2
417;134;222;232;land;false;hills;2
418;191;202;128;land;false;plains;2
419;115;190;215;land;false;hills;5
420;224;234;229;land;false;plains;2
421;97;197;248;land;true;hills;2
422;211;217;81;land;false;forest;2
423;223;193;249;land;true;hills;2
424;245;151;211;land;true;plains;3
425;151;170;235;land;true;desert;2
426;249;227;86;land;false;plains;2
427;240;65;223;land;true;plains;2
428;176;93;249;land;true;hills;2
429;208;196;221;land;false;plains;5
430;204;215;191;land;true;plains;4
431;140;242;160;land;true;plains;5
432;170;124;221;land;true;plains;5
433;185;164;178;land;false;plains;2
434;126;137;247;land;true;plains;2
435;230;98;196;land;false;mountain;2
436;193;89;245;land;false;plains;5
437;173;125;214;land;true;mountain;5
438;244;174;171;land;false;desert;2
439;238;161;210;land;false;forest;2
440;187;207;136;land;true;plains;5
441;250;147;196;land;false;hills;5
442;185;75;250;land;false;plains;5
443;207;251;88;land;true;desert;5
444;232;237;62;land;false;desert;2
445;253;220;115;land;false;plains;5
446;227;130;195;land;false;hills;2
447;176;247;82;land;false;forest;2
448;173;195;253;land;true;plains;5
449;234;230;173;land;true;plains;2
450;139;196;175;land;false;plains;5
451;210;142;254;land;false;desert;5
452;172;148;201;land;true;plains;2
453;190;183;168;land;false;plains;3
454;249;202;223;land;false;desert;2
455;99;229;208;land;false;plains;2
456;200;237;174;land;false;plains;5
457;246;153;174;land;false;hills;2
458;159;254;245;land;false;forest;2
459;248;235;97;land;false;forest;5
460;89;233;221;land;false;plains;5
461;192;214;109;land;false;plains;5
462;137;242;230;land;false;plains;5
463;231;210;79;land;false;plains;2
464;112;230;198;land;false;forest;2
465;195;226;223;land;false;plains;2
466;189;216;106;land;false;forest;5
467;251;184;227;land;true;desert;4
468;178;87;240;land;false;forest;5
469;153;226;181;land;true;hills;2
470;199;124;207;land;true;jungle;2
471;65;238;208;land;false;mountain;2
472;228;201;245;land;false;forest;2
473;211;188;120;land;true;desert;4
474;250;204;48;land;false;desert;5
475;244;158;157;land;true;plains;5
476;202;80;242;land;false;hills;2
477;243;186;221;land;true;plains;4
478;198;198;225;land;false;plains;5
479;212;135;219;land;true;plains;5
480;228;108;238;land;false;plains;5
481;205;223;175;land;true;plains;5
482;251;206;55;land;false;plains;5
483;166;98;247;land;false;forest;2
484;228;240;108;land;false;plains;2
485;126;238;195;land;true;plains;5
486;124;219;217;land;false;plains;5
487;106;204;223;land;true;plains;5
488;144;225;222;land;true;plains;5
489;185;209;166;land;true;plains;2
490;81;240;221;land;false;forest;2
491;192;192;230;land;false;plains;2
492;252;200;244;land;false;plains;2
493;192;239;218;land;true;plains;5
494;195;173;204;land;true;hills;5
495;226;154;154;land;true;plains;3
496;94;233;225;land;true;plains;3
497;247;190;129;land;false;plains;2
498;152;246;198;land;false;plains;5
499;229;201;231;land;false;forest;5
500;163;133;207;land;false;mountain;5
501;162;206;153;land;false;forest;2
502;217;109;216;land;false;plains;3
503;238;237;116;land;false;mountain;3
504;146;254;123;land;false;hills;5
505;232;239;79;land;true;forest;2
506;224;127;206;land;false;plains;5
507;239;235;148;land;false;plains;5
508;208;215;161;land;false;plains;5
509;173;254;246;land;false;forest;5
510;178;172;196;land;false;plains;5
511;73;253;239;land;false;mountain;2
512;251;204;68;land;false;forest;2
513;214;205;129;land;false;plains;2
514;227;203;241;land;false;plains;2
515;48;211;245;land;false;plains;5
516;40;246;232;land;false;hills;5
517;124;212;169;land;false;plains;5
518;247;248;99;land;true;plains;3
519;222;78;222;land;false;plains;2
520;202;148;176;land;true;plains;3
521;171;234;244;land;true;plains;3
522;209;190;251;land;true;plains;3
523;212;136;167;land;true;plains;5
524;184;198;251;land;false;mountain;5
525;151;203;161;land;false;hills;2
526;208;165;139;land;true;plains;3
527;214;122;186;land;true;plains;2
528;221;80;231;land;false;hills;2
529;220;134;173;land;false;plains;5
530;206;226;125;land;false;plains;2
531;99;239;211;land;true;jungle;2
532;143;205;252;land;true;plains;2
533;194;244;248;land;false;plains;2
534;164;205;243;land;true;plains;5
535;248;116;200;land;false;plains;2
536;195;168;252;land;false;plains;5
537;195;125;245;land;false;plains;5
538;254;138;235;land;true;hills;2
539;218;224;150;land;false;hills;2
540;236;68;251;land;false;hills;5
541;217;201;248;land;false;plains;2
542;143;181;236;land;false;marsh;2
543;233;225;134;land;false;mountain;2
544;191;135;200;land;true;plains;5
545;186;103;226;land;false;plains;2
546;209;216;174;land;true;plains;2
547;245;209;82;land;true;plains;5
548;245;192;215;land;true;plains;2
549;177;243;136;land;true;plains;5
550;123;249;187;land;true;plains;5
551;253;174;132;land;false;plains;5
552;58;250;241;land;false;plains;5
553;77;199;232;land;false;plains;5
554;149;112;244;land;false;plains;2
555;189;189;203;land;true;plains;5
556;191;121;252;land;true;plains;3
557;181;148;175;land;false;desert;5
558;237;175;223;land;false;forest;2
559;140;232;225;land;true;plains;5
560;160;245;212;land;false;plains;5
561;163;175;183;land;false;plains;2
562;229;129;252;land;false;plains;5
563;237;186;107;land;true;plains;2
564;148;247;214;land;false;marsh;2
565;239;181;127;land;false;mountain;5
566;232;124;147;land;false;hills;5
567;129;180;249;land;false;mountain;5
568;227;186;251;land;false;jungle;2
569;253;91;203;land;false;plains;2
570;148;198;231;land;false;plains;5
571;180;207;236;land;true;mountain;5
572;171;213;146;land;false;desert;5
573;142;201;161;land;false;forest;2
574;138;238;194;land;true;plains;5
575;112;238;219;land;false;mountain;2
576;183;134;201;land;false;desert;5
577;207;84;215;land;false;forest;2
578;238;162;158;land;false;mountain;2
579;195;238;103;land;false;forest;2
580;254;239;212;land;false;desert;5
581;161;160;183;land;true;plains;5
582;204;148;222;land;false;plains;5
583;219;205;219;land;true;plains;3
584;162;193;177;land;true;plains;2
585;144;235;242;land;false;forest;2
586;191;203;220;land;false;desert;5
587;249;158;223;land;false;plains;3
588;243;244;36;land;true;forest;2
589;227;99;196;land;true;plains;5
590;198;145;190;land;false;plains;3
591;253;116;185;land;false;marsh;2
592;246;106;210;land;false;forest;2
593;252;41;229;land;false;hills;2
594;222;72;217;land;true;plains;2
595;138;233;174;land;false;plains;5
596;215;112;234;land;true;plains;5
597;206;195;110;land;false;jungle;2
598;232;226;119;land;true;plains;2
599;211;124;242;land;false;forest;2
600;182;210;231;land;false;plains;5
601;85;222;226;land;true;plains;3
602;253;104;197;land;true;plains;2
603;111;244;224;land;false;plains;5
604;206;254;139;land;false;hills;2
605;139;204;240;land;false;mountain;2
606;202;191;116;land;false;mountain;5
607;172;184;209;land;false;plains;2
608;164;241;246;land;false;hills;5
609;147;251;146;land;true;forest;2
610;130;191;239;land;false;hills;2
611;186;240;131;land;false;hills;2
612;90;215;241;land;true;plains;2
613;234;66;234;land;false;plains;2
614;233;224;243;land;false;plains;2
615;191;198;155;land;false;mountain;2
616;116;205;214;land;false;hills;2
617;182;253;137;land;false;forest;2
618;50;230;225;land;false;mountain;2
619;201;209;221;land;true;hills;2
620;115;202;242;land;false;desert;2
621;219;224;60;land;true;plains;3
622;178;171;253;land;false;plains;5
623;223;205;178;land;false;plains;5
624;253;33;237;land;false;plains;5
625;225;177;193;land;false;hills;2
626;254;143;126;land;true;plains;5
627;246;250;91;land;false;plains;2
628;226;115;173;land;true;plains;5
629;194;231;122;land;false;plains;2
630;221;186;101;land;false;desert;2
631;221;199;135;land;false;plains;5
632;213;192;184;land;false;mountain;5
633;128;226;167;land;false;hills;5
634;174;188;183;land;true;plains;5
635;237;198;203;land;false;plains;5
636;207;98;214;land;false;hills;2
637;217;223;226;land;false;plains;3
638;211;161;206;land;false;plains;2
639;245;114;221;land;true;mountain;2
640;252;246;221;land;false;mountain;3
641;234;215;217;land;false;jungle;2
642;171;220;124;land;false;plains;2
643;193;130;187;land;false;hills;2
644;238;217;108;land;false;desert;5
645;247;231;166;land;false;plains;5
646;114;251;145;land;false;plains;5
647;193;128;211;land;false;plains;2
648;245;236;196;land;false;plains;5
649;233;197;213;land;false;forest;2
650;163;245;247;land;false;plains;2
651;221;208;219;land;false;plains;5
652;217;158;242;land;false;plains;2
653;234;161;193;land;false;hills;2
654;101;179;244;land;false;hills;2
655;108;246;201;land;true;desert;4
656;242;35;225;land;false;plains;5
657;165;195;201;land;true;plains;5
658;243;210;229;land;false;plains;2
659;198;144;184;land;false;forest;2
660;127;194;246;land;false;mountain;5
661;179;145;232;land;false;plains;2
662;235;119;175;land;false;plains;3
663;133;245;222;land;false;forest;2
664;248;165;251;land;false;plains;5
665;253;243;191;land;true;mountain;5
666;223;230;241;land;true;mountain;2
667;199;206;226;land;false;plains;5
668;242;217;235;land;false;plains;5
669;237;240;84;land;false;plains;2
670;251;200;78;land;true;urban;5
671;234;196;143;land;false;mountain;2
672;223;234;93;land;true;plains;2
673;167;145;251;land;true;plains;3
674;223;95;229;land;false;mountain;5
675;148;226;159;land;false;hills;2
676;204;145;198;land;true;urban;2
677;137;151;219;land;false;hills;2
678;171;246;107;land;false;plains;2
679;168;230;178;land;false;desert;5
680;244;157;239;land;false;mountain;2
681;252;247;26;land;false;plains;2
682;219;123;218;land;false;forest;2
683;50;220;253;land;true;urban;5
684;48;221;234;land;true;desert;2
685;143;245;221;land;false;forest;2
686;74;252;203;land;false;plains;5
687;118;220;253;land;false;plains;2
688;186;219;219;land;false;plains;2
689;192;158;180;land;true;plains;3
690;171;151;189;land;true;plains;3
691;191;141;196;land;false;hills;5
692;202;243;67;land;false;plains;3
693;231;207;181;land;false;forest;2
694;165;204;154;land;false;plains;5
695;209;220;92;land;false;hills;5
696;200;210;154;land;true;plains;5
697;120;189;232;land;true;hills;2
698;199;226;165;land;false;forest;2
699;74;252;242;land;false;mountain;2
700;73;252;207;land;true;plains;2
701;207;230;113;land;true;plains;5
702;244;148;188;land;false;forest;2
703;197;162;177;land;false;forest;2
704;240;132;239;land;false;hills;2
705;247;211;186;land;true;hills;5
706;67;210;250;land;false;plains;2
707;208;125;237;land;true;plains;5
708;224;170;155;land;false;plains;5
709;196;127;230;land;true;plains;2
710;249;206;51;land;false;plains;5
711;197;150;222;land;false;plains;2
712;116;227;166;land;false;forest;2
713;223;199;107;land;false;plains;5
714;17;253;244;land;true;plains;5
715;228;181;222;land;true;plains;2
716;237;175;150;land;false;hills;2
717;196;85;233;land;false;hills;2
718;211;249;172;land;false;hills;2
719;160;154;253;land;false;plains;2
720;155;229;133;land;false;plains;3
721;175;196;152;land;false;forest;2
722;245;239;201;land;false;plains;2
723;139;198;216;land;false;plains;5
724;220;184;224;land;false;jungle;2
725;169;244;101;land;false;plains;5
726;171;244;109;land;true;plains;5
727;102;190;239;land;false;plains;5
728;239;222;82;land;false;plains;5
729;167;145;222;land;true;hills;2
730;249;242;114;land;true;plains;2
731;202;155;233;land;false;mountain;2
732;113;169;235;land;false;forest;2
733;239;217;82;land;false;forest;2
734;181;188;137;land;false;plains;5
735;170;252;184;land;false;mountain;5
736;196;247;95;land;false;plains;5
737;170;208;154;land;false;plains;5
738;185;170;190;land;false;mountain;3
739;218;238;174;land;true;plains;5
740;142;191;245;land;true;desert;4
741;220;144;157;land;false;plains;5
742;169;205;197;land;false;plains;5
743;222;146;184;land;false;mountain;5
744;120;160;247;land;false;plains;5
745;196;206;147;land;false;hills;5
746;176;226;200;land;false;plains;5
747;244;14;243;land;false;plains;5
748;170;217;169;land;true;plains;2
749;194;158;177;land;false;hills;2
750;198;180;233;land;false;plains;2
751;242;253;126;land;false;plains;5
752;247;239;124;land;false;desert;5
753;135;186;187;land;false;hills;2
754;207;176;220;land;false;forest;2
755;101;207;215;land;false;plains;5
756;226;212;94;land;false;plains;2
757;67;245;215;land;false;plains;2
758;220;201;231;land;false;hills;5
759;50;229;241;land;false;forest;2
760;248;181;147;land;true;plains;2
761;125;214;213;land;true;plains;5
762;205;204;196;land;false;mountain;2
763;185;179;206;land;false;forest;2
764;254;171;112;land;false;plains;5
765;240;111;204;land;false;plains;3
766;216;222;91;land;false;forest;2
767;163;254;147;land;false;forest;2
768;196;189;187;land;true;plains;2
769;133;178;213;land;true;hills;2
770;225;241;61;land;false;plains;5
771;221;48;238;land;false;jungle;2
772;159;162;213;land;false;mountain;2
773;247;196;213;land;false;desert;5
774;137;241;244;land;true;forest;2
775;94;244;214;land;true;forest;2
776;139;178;212;land;true;desert;4
777;197;147;172;land;false;plains;2
778;196;232;113;land;false;forest;2
779;251;50;243;land;false;forest;2
780;128;239;188;land;false;plains;2
781;159;223;199;land;false;plains;2
782;214;252;151;land;false;mountain;2
783;235;203;155;land;false;plains;2
784;178;192;136;land;true;jungle;2
785;234;76;238;land;false;hills;2
786;239;248;228;land;false;plains;5
787;205;239;92;land;false;plains;2
788;251;63;241;land;false;plains;2
789;186;154;222;land;false;plains;2
790;187;178;191;land;false;plains;5
791;135;152;233;land;false;desert;4
792;193;224;171;land;false;plains;2
793;190;122;235;land;false;mountain;3
794;240;227;83;land;true;plains;5
795;194;222;180;land;false;forest;2
796;193;206;103;land;false;plains;2
797;244;219;60;land;false;plains;2
798;253;169;221;land;false;plains;5
799;89;252;194;land;false;desert;2
800;70;242;216;land;false;plains;5
801;211;224;197;land;false;hills;2
802;130;177;203;land;false;plains;5
803;35;239;246;land;true;plains;5
804;235;230;169;land;false;forest;2
805;219;96;227;land;true;plains;5
806;146;246;169;land;true;forest;2
807;98;221;241;land;false;hills;2
808;171;238;199;land;false;plains;2
809;160;218;219;land;true;forest;2
810;163;173;217;land;true;plains;2
811;248;251;188;land;false;plains;5
812;222;118;210;land;false;forest;2
813;116;186;210;land;false;hills;2
814;243;229;112;land;false;plains;5
815;248;205;146;land;false;plains;2
816;208;222;203;land;false;plains;2
817;237;181;149;land;false;hills;2
818;240;170;129;land;false;plains;2
819;99;177;251;land;true;plains;5
820;160;215;233;land;false;plains;2
821;106;186;213;land;true;plains;2
822;234;168;206;land;false;plains;5
823;127;236;226;land;true;plains;5
824;246;248;251;land;true;plains;4
825;120;246;164;land;false;plains;2
826;153;131;251;land;true;plains;2
827;247;246;188;land;false;plains;2
828;111;177;233;land;true;plains;5
829;199;53;253;land;true;plains;5
830;88;212;217;land;false;hills;5
831;209;220;118;land;false;hills;5
832;201;233;189;land;false;plains;5
833;196;205;216;land;false;desert;4
834;228;211;82;land;false;plains;5
835;161;189;162;land;false;plains;5
836;159;222;137;land;false;plains;2
837;234;222;136;land;false;plains;2
838;159;127;235;land;false;plains;5
839;210;155;160;land;false;desert;5
840;203;133;237;land;false;plains;2
841;246;252;217;land;true;plains;2
842;239;147;127;land;true;plains;5
843;228;148;160;land;true;plains;3
844;90;192;239;land;false;plains;2
845;232;144;173;land;true;plains;2
846;163;192;194;land;false;plains;2
847;95;196;249;land;false;plains;5
848;249;198;199;land;false;forest;2
849;250;178;199;land;true;plains;5
850;235;252;30;land;true;plains;2
851;240;163;185;land;false;jungle;2
852;212;213;214;land;false;forest;2
853;245;47;216;land;false;plains;5
854;227;172;138;land;false;desert;2
855;91;201;228;land;false;plains;2
856;182;144;220;land;true;hills;5
857;184;169;156;land;false;plains;5
858;252;136;217;land;false;forest;2
859;175;114;222;land;false;plains;3
860;235;220;212;land;false;forest;2
861;233;58;238;land;false;plains;2
862;217;254;43;land;false;forest;2
863;250;186;83;land;false;forest;2
864;243;189;225;land;false;hills;5
865;132;240;217;land;true;plains;5
866;152;221;241;land;false;plains;2
867;224;170;136;land;false;plains;2
868;192;166;144;land;false;plains;2
869;216;165;219;land;false;forest;2
870;229;163;202;land;false;plains;2
871;155;171;221;land;false;hills;5
872;187;159;201;land;false;hills;2
873;98;228;237;land;false;plains;2
874;224;136;161;land;true;forest;2
875;176;236;252;land;false;plains;5
876;231;190;93;land;true;marsh;2
877;151;116;248;land;false;plains;2
878;226;214;238;land;true;plains;5
879;100;230;239;land;true;plains;5
880;222;29;252;land;false;plains;5
881;240;219;144;land;false;forest;2
882;167;209;242;land;false;hills;2
883;205;175;202;land;false;mountain;5
884;21;254;237;land;false;plains;2
885;147;212;186;land;false;plains;5
886;162;159;201;land;false;forest;2
887;193;253;210;land;true;plains;5
888;228;175;245;land;true;hills;3
889;76;247;211;land;false;plains;2
890;251;139;116;land;false;hills;2
891;245;198;68;land;false;plains;5
892;191;205;235;land;false;hills;2
893;91;234;243;land;false;plains;2
894;230;216;114;land;false;desert;4
895;210;137;189;land;true;plains;3
896;149;185;239;land;false;plains;2
897;206;124;180;land;false;hills;2
898;223;194;187;land;false;hills;2
899;136;201;208;land;false;plains;2
900;212;250;108;land;false;forest;5
901;253;187;248;land;false;plains;2
902;84;225;225;land;false;desert;2
903;119;195;249;land;true;plains;5
904;152;253;152;land;true;plains;5
905;151;148;209;land;true;hills;2
906;129;247;126;land;false;plains;5
907;248;134;159;land;true;plains;2
908;246;174;233;land;true;plains;2
909;122;243;151;land;false;hills;2
910;128;173;209;land;true;plains;5
911;227;146;213;land;false;plains;5
912;151;208;234;land;false;plains;5
913;234;203;217;land;false;plains;2
914;251;84;247;land;true;desert;4
915;122;171;227;land;true;plains;5
916;89;240;246;land;false;plains;5
917;238;210;205;land;false;plains;5
918;92;252;200;land;true;plains;5
919;153;235;172;land;true;jungle;2
920;237;178;115;land;false;forest;2
921;159;230;170;land;false;forest;2
922;155;253;163;land;false;hills;2
923;190;208;153;land;true;plains;5
924;179;200;243;land;false;plains;2
925;237;219;244;land;false;mountain;2
926;80;241;218;land;false;hills;2
927;236;179;240;land;false;forest;2
928;158;122;228;land;true;plains;2
929;240;124;226;land;false;plains;5
930;203;176;227;land;false;plains;5
931;72;251;244;land;true;plains;3
932;232;230;50;land;false;plains;5
933;213;104;186;land;true;plains;5
934;205;191;193;land;false;plains;2
935;174;234;223;land;false;plains;5
936;250;206;166;land;false;forest;2
937;246;127;143;land;false;plains;5
938;188;164;162;land;false;plains;5
939;246;138;187;land;false;plains;5
940;147;208;193;land;false;urban;2
941;209;221;186;land;false;plains;5
942;244;92;189;land;true;mountain;3
943;220;169;116;land;true;plains;5
944;153;244;167;land;false;plains;5
945;40;225;240;land;false;plains;2
946;144;195;195;land;false;desert;2
947;202;176;234;land;false;plains;2
948;178;252;219;land;false;desert;5
949;81;250;215;land;false;plains;5
950;121;227;172;land;false;jungle;2
951;173;133;236;land;false;jungle;2
952;216;147;163;land;true;plains;5
953;160;216;200;land;true;plains;5
954;196;253;75;land;true;plains;5
955;221;219;205;land;false;plains;2
956;250;128;127;land;false;mountain;2
957;253;247;12;land;false;hills;2
958;230;38;234;land;false;plains;3
959;34;241;234;land;false;hills;2
960;103;222;219;land;false;forest;2
961;207;182;122;land;false;jungle;2
962;219;229;88;land;false;mountain;2
963;122;182;197;land;false;hills;5
964;107;215;214;land;false;urban;4
965;156;170;182;land;true;plains;5
966;221;215;131;land;false;jungle;2
967;193;177;146;land;false;plains;2
968;198;254;138;land;false;plains;5
969;178;148;221;land;false;hills;2
970;224;169;122;land;false;hills;2
971;139;216;159;land;false;plains;5
972;229;222;161;land;false;desert;2
973;119;241;189;land;false;plains;5
974;227;93;200;land;false;plains;2
975;180;188;211;land;true;marsh;2
976;222;173;183;land;false;plains;2
977;139;252;225;land;false;forest;2
978;161;97;252;land;false;desert;5
979;169;175;179;land;false;mountain;2
980;252;72;251;land;false;plains;2
981;206;225;191;land;true;plains;5
982;183;202;217;land;true;plains;5
983;196;206;221;land;false;plains;5
984;236;237;134;land;false;plains;5
985;250;167;237;land;false;plains;5
986;236;113;226;land;false;plains;2
987;227;208;70;land;true;plains;3
988;174;191;190;land;true;plains;2
989;206;239;139;land;false;plains;2
990;212;163;228;land;true;plains;3
991;254;97;168;land;false;plains;2
992;199;144;188;land;false;jungle;2
993;178;243;87;land;false;hills;2
994;212;160;134;land;false;desert;5
995;230;227;120;land;false;plains;2
996;72;215;254;land;false;plains;2
997;153;253;105;land;false;plains;5
998;212;245;114;land;false;jungle;2
999;245;245;88;land;false;hills;2
1000;92;244;252;land;false;forest;2
1001;244;162;191;land;false;plains;2
1002;140;187;248;land;false;plains;5
1003;152;176;193;land;true;plains;5
1004;63;192;252;land;false;plains;3
1005;135;240;169;land;false;plains;5
1006;245;241;249;land;false;plains;5
1007;254;76;227;land;false;plains;2
1008;214;134;166;land;false;plains;2
1009;229;97;232;land;false;plains;2
1010;241;140;176;land;false;plains;5
1011;158;242;229;land;false;mountain;2
1012;231;170;183;land;true;marsh;2
1013;208;244;128;land;true;hills;2
1014;254;165;89;land;true;plains;2
1015;202;251;217;land;false;plains;3
1016;184;249;157;land;false;plains;2
1017;210;201;237;land;false;mountain;2
1018;218;115;188;land;false;plains;4
1019;205;159;193;land;true;plains;5
1020;151;229;234;land;false;desert;2
1021;156;193;241;land;false;forest;2
1022;243;221;70;land;false;desert;5
1023;156;231;191;land;false;desert;5
1024;249;143;168;land;false;plains;3
1025;177;185;197;land;true;jungle;2
1026;176;233;143;land;false;plains;2
1027;135;245;152;land;false;plains;2
1028;110;228;223;land;true;plains;5
1029;251;174;108;land;false;jungle;2
1030;239;118;195;land;false;plains;2
1031;134;202;220;land;true;plains;5
1032;254;162;121;land;false;plains;5
1033;224;181;206;land;true;plains;3
1034;252;66;222;land;false;hills;2
1035;223;198;216;land;true;jungle;2
1036;50;254;226;land;true;plains;5
1037;206;241;229;land;true;forest;2
1038;175;223;165;land;false;hills;5
1039;218;231;165;land;false;hills;5
1040;241;96;230;land;false;plains;5
1041;175;235;161;land;false;mountain;5
1042;138;192;205;land;false;forest;2
1043;234;43;228;land;false;desert;2
1044;156;206;179;land;true;jungle;2
1045;146;219;249;land;false;mountain;5
1046;152;231;125;land;true;plains;5
1047;168;252;171;land;false;plains;2
1048;242;205;145;land;true;plains;2
1049;167;244;188;land;true;forest;2
1050;233;138;208;land;false;desert;2
1051;166;175;215;land;false;plains;5
1052;189;215;158;land;false;plains;5
1053;240;108;254;land;false;forest;2
1054;168;135;233;land;true;plains;5
1055;208;209;112;land;false;desert;5
1056;119;242;213;land;false;mountain;2
1057;183;227;152;land;false;jungle;2
1058;206;115;243;land;false;hills;2
1059;253;170;156;land;false;plains;2
1060;160;201;251;land;false;plains;3
1061;245;218;131;land;false;plains;2
1062;234;159;120;land;false;mountain;3
1063;246;120;205;land;false;forest;2
1064;246;226;92;land;false;plains;3
1065;186;181;160;land;true;plains;5
1066;252;248;155;land;false;plains;5
1067;218;183;119;land;true;plains;5
1068;251;216;44;land;true;plains;5
1069;205;143;211;land;false;plains;2
1070;212;205;91;land;false;plains;2
1071;254;159;182;land;false;forest;2
1072;227;228;178;land;false;hills;2
1073;240;230;115;land;true;plains;5
1074;182;182;231;land;false;forest;2
1075;181;207;202;land;false;plains;5
1076;234;246;218;land;true;plains;5
1077;237;231;43;land;true;jungle;2
1078;150;254;246;land;false;forest;2
1079;159;253;245;land;false;desert;5
1080;248;196;153;land;false;mountain;2
1081;140;196;217;land;true;desert;2
1082;96;251;200;land;false;plains;5
1083;199;228;210;land;true;plains;2
1084;224;220;136;land;false;plains;5
1085;208;174;217;land;true;desert;5
1086;238;228;200;land;false;forest;2
1087;75;218;214;land;false;hills;2
1088;178;247;176;land;false;plains;2
1089;206;174;227;land;false;mountain;5
1090;155;175;250;land;false;mountain;2
1091;247;107;150;land;false;plains;2
1092;157;198;254;land;false;jungle;2
1093;240;186;224;land;false;plains;2
1094;176;84;248;land;false;desert;2
1095;206;239;246;land;false;hills;2
1096;150;183;174;land;true;plains;2
1097;190;221;93;land;false;plains;5
1098;143;147;218;land;false;jungle;2
1099;244;151;171;land;false;plains;5
1100;107;233;184;land;false;plains;2
1101;124;251;177;land;true;desert;5
1102;249;181;120;land;false;plains;2
1103;44;249;223;land;false;hills;2
1104;226;244;42;land;false;desert;5
1105;243;249;102;land;false;plains;2
1106;232;183;237;land;true;plains;5
1107;245;125;211;land;false;plains;5
1108;245;210;153;land;false;jungle;2
1109;208;169;223;land;false;mountain;2
1110;220;238;72;land;false;plains;5
1111;226;193;102;land;false;forest;2
1112;119;162;225;land;false;plains;5
1113;222;112;200;land;false;plains;2
1114;33;227;248;land;false;plains;5
1115;237;179;171;land;false;plains;5
1116;200;136;214;land;true;plains;3
1117;96;245;166;land;false;jungle;2
1118;162;144;206;land;false;plains;2
1119;249;190;250;land;false;plains;2
1120;232;226;139;land;false;forest;2
1121;148;230;251;land;false;mountain;5
1122;199;205;115;land;false;plains;2
1123;226;171;161;land;false;hills;2
1124;241;176;122;land;true;plains;5
1125;72;224;227;land;true;plains;2
1126;233;242;118;land;false;forest;2
1127;201;243;66;land;false;plains;2
1128;143;157;239;land;false;mountain;5
1129;103;219;205;land;false;hills;2
1130;113;187;204;land;false;hills;5
1131;238;161;188;land;false;marsh;2
1132;229;210;232;land;false;jungle;2
1133;246;191;96;land;false;hills;2
1134;231;237;93;land;false;mountain;2
1135;191;238;147;land;false;plains;5
1136;254;162;110;land;false;hills;2
1137;174;203;196;land;true;plains;5
1138;232;164;107;land;false;hills;5
1139;238;228;103;land;true;plains;2
1140;199;226;195;land;true;plains;2
1141;252;200;247;land;false;plains;2
1142;253;127;204;land;true;forest;2
1143;253;241;115;land;false;desert;5
1144;214;211;95;land;false;plains;2
1145;251;254;2;land;false;forest;2
1146;243;246;154;land;false;plains;5
1147;157;127;241;land;false;plains;5
1148;251;252;233;land;true;hills;2
1149;145;251;106;land;false;plains;5
1150;125;214;201;land;false;plains;5
1151;228;250;210;land;false;plains;5
1152;189;223;129;land;false;forest;2
1153;242;135;231;land;false;plains;3
1154;250;251;208;land;false;plains;5
1155;101;212;249;land;true;plains;2
1156;186;105;211;land;false;plains;5
1157;177;213;123;land;true;forest;2
1158;242;202;207;land;true;plains;5
1159;174;172;216;land;false;plains;2
1160;139;214;232;land;false;hills;2
1161;239;179;252;land;false;plains;5
1162;190;218;234;land;false;jungle;2
1163;181;210;150;land;false;mountain;2
1164;239;155;204;land;true;plains;5
1165;239;181;205;land;false;mountain;2
1166;214;238;121;land;true;plains;2
1167;168;246;232;land;false;hills;5
1168;219;243;180;land;true;plains;2
1169;215;89;251;land;false;plains;2
1170;182;75;253;land;false;plains;2
1171;176;251;120;land;false;forest;2
1172;186;236;238;land;true;plains;5
1173;90;224;223;land;true;plains;5
1174;188;185;249;land;false;plains;5
1175;43;252;250;land;true;forest;2
1176;221;219;144;land;true;plains;2
1177;33;254;243;land;false;hills;2
1178;157;187;236;land;false;hills;5
1179;154;228;236;land;false;hills;2
1180;116;164;246;land;false;desert;4
1181;204;179;120;land;false;plains;2
1182;245;187;145;land;false;plains;2
1183;250;152;215;land;true;plains;5
1184;222;145;217;land;false;plains;5
1185;236;230;224;land;true;desert;5
1186;242;110;240;land;true;jungle;2
1187;245;75;235;land;false;jungle;2
1188;242;153;175;land;true;desert;4
1189;251;191;118;land;false;hills;5
1190;133;169;216;land;false;mountain;2
1191;58;197;246;land;false;mountain;2
1192;208;122;206;land;false;hills;2
1193;186;241;211;land;false;plains;5
1194;243;228;162;land;false;plains;5
1195;193;190;254;land;true;plains;3
1196;147;140;229;land;false;hills;5
1197;212;157;247;land;false;plains;2
1198;166;229;126;land;false;plains;5
1199;183;136;250;land;true;jungle;2
1200;77;250;215;land;true;plains;3
1201;250;112;159;land;false;plains;5
1202;240;141;173;land;true;plains;5
1203;142;227;168;land;false;plains;2
1204;184;81;246;land;true;urban;5
1205;221;239;63;land;false;hills;2
1206;198;244;215;land;false;plains;5
1207;183;147;226;land;true;plains;2
1208;245;204;171;land;false;mountain;5
1209;107;182;251;land;false;plains;5
1210;197;253;157;land;false;forest;2
1211;179;184;189;land;false;plains;5
1212;244;173;164;land;true;plains;5
1213;195;163;240;land;false;forest;2
1214;250;224;98;land;true;forest;2
1215;125;212;173;land;true;hills;2
1216;238;196;181;land;false;mountain;2
1217;183;240;253;land;false;plains;5
1218;240;172;136;land;false;plains;5
1219;113;194;203;land;false;plains;2
1220;100;221;208;land;false;plains;2
1221;181;213;248;land;false;plains;2
1222;162;198;172;land;false;plains;5
1223;183;118;236;land;false;plains;2
1224;207;204;140;land;false;desert;5
1225;225;110;201;land;false;forest;2
1226;220;209;125;land;false;forest;5
1227;125;210;184;land;false;mountain;2
1228;117;239;149;land;true;forest;2
1229;192;231;227;land;false;plains;3
1230;245;248;205;land;true;plains;5
1231;250;239;71;land;true;forest;2
1232;215;206;208;land;false;plains;5
1233;239;181;109;land;false;plains;5
1234;212;248;130;land;false;plains;5
1235;216;206;251;land;true;plains;5
1236;182;217;192;land;false;mountain;2
1237;148;109;254;land;false;plains;5
1238;250;221;185;land;false;desert;2
1239;168;238;100;land;false;plains;5
1240;182;224;126;land;false;mountain;2
1241;167;229;141;land;false;plains;2
1242;184;127;223;land;true;plains;5
1243;193;62;247;land;true;mountain;5
1244;226;242;245;land;false;hills;2
1245;145;226;225;land;false;forest;2
1246;149;197;184;land;false;plains;5
1247;242;242;155;land;false;plains;5
1248;188;149;183;land;false;plains;5
1249;233;245;53;land;true;plains;5
1250;228;138;206;land;false;plains;2
1251;253;249;95;land;false;plains;5
1252;223;180;168;land;false;desert;2
1253;150;190;204;land;false;plains;5
1254;173;237;219;land;false;plains;2
1255;217;238;241;land;false;plains;2
1256;176;142;187;land;false;plains;5
1257;229;77;209;land;true;hills;2
1258;247;191;127;land;true;plains;5
1259;250;211;194;land;false;hills;2
1260;207;181;135;land;false;plains;5
1261;152;252;235;land;true;desert;4
1262;248;93;247;land;false;hills;2
1263;214;214;203;land;false;plains;5
1264;187;238;176;land;true;urban;2
1265;169;124;242;land;false;plains;5
1266;211;83;226;land;true;forest;2
1267;233;158;159;land;false;forest;2
1268;85;249;197;land;false;plains;5
1269;185;197;233;land;false;plains;5
1270;191;236;85;land;false;plains;5
1271;233;219;149;land;false;plains;2
1272;164;227;253;land;false;plains;5
1273;229;67;225;land;false;plains;5
1274;235;133;136;land;false;forest;2
1275;149;172;216;land;false;plains;5
1276;248;130;155;land;true;plains;3
1277;174;206;212;land;false;plains;3
1278;156;137;219;land;false;forest;2
1279;146;244;203;land;false;forest;2
1280;203;180;143;land;false;plains;2
1281;214;201;121;land;false;plains;2
1282;203;204;95;land;false;plains;5
1283;209;137;249;land;false;plains;2
1284;197;212;152;land;false;plains;5
1285;168;182;173;land;false;mountain;2
1286;217;88;253;land;false;mountain;2
1287;136;236;143;land;true;plains;5
1288;210;188;177;land;true;plains;5
1289;109;248;190;land;false;desert;2
1290;204;184;185;land;false;plains;5
1291;204;227;151;land;false;hills;2
1292;207;106;201;land;true;plains;2
1293;222;101;213;land;false;forest;5
1294;253;149;145;land;false;plains;5
1295;204;142;252;land;false;plains;5
1296;245;214;73;land;false;plains;5
1297;149;227;220;land;true;hills;3
1298;197;123;231;land;false;plains;2
1299;200;196;119;land;false;mountain;5
1300;223;235;210;land;false;forest;5
1301;211;90;238;land;false;plains;5
1302;247;172;234;land;false;forest;2
1303;192;224;252;land;false;jungle;2
1304;236;116;216;land;false;plains;5
1305;210;95;232;land;false;forest;2
1306;212;152;138;land;false;desert;5
1307;185;246;221;land;false;forest;2
1308;45;227;237;land;false;hills;2
1309;224;209;85;land;false;mountain;2
1310;236;193;251;land;false;hills;2
1311;229;114;189;land;false;forest;2
1312;214;235;87;land;false;plains;5
1313;250;206;145;land;true;plains;3
1314;218;153;190;land;false;forest;2
1315;141;242;186;land;true;plains;5
1316;240;160;222;land;false;forest;2
1317;226;141;147;land;false;plains;2
1318;248;175;179;land;false;plains;2
1319;128;178;245;land;false;plains;5
1320;211;244;99;land;false;plains;2
1321;117;190;211;land;false;mountain;2
1322;174;220;217;land;false;plains;2
1323;125;251;225;land;false;plains;5
1324;92;205;253;land;false;hills;5
1325;142;189;253;land;false;plains;2
1326;238;185;97;land;false;plains;5
1327;199;172;173;land;true;plains;5
1328;171;215;131;land;false;mountain;5
1329;236;248;238;land;true;urban;2
1330;237;158;251;land;false;hills;5
1331;236;181;151;land;false;hills;3
1332;47;221;249;land;false;plains;2
1333;129;243;164;land;false;plains;2
1334;210;192;165;land;false;plains;5
1335;211;88;214;land;false;plains;5
1336;143;224;137;land;false;mountain;5
1337;251;133;237;land;false;hills;5
1338;186;188;202;land;false;plains;2
1339;165;249;244;land;true;plains;2
1340;24;236;249;land;false;plains;5
1341;193;231;176;land;false;plains;2
1342;182;237;154;land;false;forest;2
1343;238;248;127;land;false;mountain;5
1344;214;237;148;land;true;plains;5
1345;219;212;172;land;false;plains;2
1346;158;134;220;land;false;plains;2
1347;168;160;251;land;false;plains;5
1348;225;37;243;land;true;plains;5
1349;164;160;219;land;false;mountain;5
1350;139;204;248;land;false;mountain;2
1351;201;216;199;land;false;plains;5
1352;158;178;248;land;false;desert;5
1353;102;228;230;land;false;plains;5
1354;221;183;233;land;true;plains;5
1355;230;236;118;land;false;desert;5
1356;186;254;203;land;true;jungle;2
1357;210;162;247;land;false;plains;5
1358;131;132;250;land;false;jungle;2
1359;110;209;197;land;true;plains;5
1360;237;241;213;land;true;desert;5
1361;181;217;180;land;false;forest;2
1362;215;129;204;land;true;plains;5
1363;208;205;219;land;false;plains;2
1364;206;104;194;land;true;plains;5
1365;121;166;214;land;true;desert;2
1366;199;187;200;land;false;plains;2
1367;68;254;236;land;true;plains;5
1368;205;111;245;land;true;plains;5
1369;252;202;85;land;false;plains;5
1370;80;244;199;land;false;plains;5
1371;222;151;133;land;false;desert;5
1372;253;147;139;land;true;plains;5
1373;241;111;219;land;false;forest;2
1374;187;212;177;land;false;plains;5
1375;245;203;111;land;false;plains;2
1376;155;224;217;land;true;plains;5
1377;196;152;228;land;false;hills;2
1378;199;135;196;land;false;forest;2
1379;205;85;211;land;false;jungle;2
1380;216;102;252;land;false;plains;5
1381;141;147;250;land;false;hills;2
1382;226;35;240;land;false;plains;5
1383;253;128;143;land;true;plains;5
1384;190;206;110;land;true;desert;5
1385;63;236;202;land;false;plains;5
1386;68;215;222;land;true;plains;3
1387;199;204;219;land;false;plains;5
1388;188;159;240;land;false;plains;5
1389;183;193;233;land;false;plains;5
1390;152;186;240;land;true;mountain;2
1391;34;250;217;land;false;forest;5
1392;137;253;116;land;false;hills;2
1393;205;99;224;land;false;plains;5
1394;229;189;198;land;false;mountain;2
1395;86;220;211;land;true;plains;5
1396;167;196;150;land;true;desert;5
1397;215;216;158;land;false;hills;5
1398;247;140;241;land;false;plains;2
1399;119;237;167;land;false;mountain;5
1400;202;103;229;land;false;plains;5
1401;218;246;247;land;false;hills;2
1402;221;74;247;land;false;hills;5
1403;227;232;88;land;true;plains;5
1404;88;250;208;land;false;plains;2
1405;214;202;112;land;false;hills;5
1406;143;142;247;land;false;hills;5
1407;236;207;141;land;false;forest;5
1408;220;101;205;land;false;mountain;2
1409;208;146;219;land;true;plains;2
1410;179;130;209;land;false;plains;3
1411;215;223;66;land;false;plains;5
1412;58;239;245;land;false;mountain;5
1413;91;222;208;land;false;forest;2
1414;229;184;214;land;false;plains;2
1415;176;222;133;land;false;plains;5
1416;230;168;204;land;true;plains;5
1417;253;196;131;land;false;forest;2
1418;237;73;195;land;false;plains;5
1419;244;192;134;land;false;mountain;5
1420;121;181;235;land;true;plains;5
1421;249;35;248;land;false;plains;2
1422;186;215;129;land;false;plains;5
1423;155;219;233;land;false;plains;5
1424;241;220;56;land;false;plains;5
1425;209;236;58;land;false;plains;5
1426;152;210;231;land;false;plains;5
1427;237;232;149;land;false;plains;5
1428;123;188;207;land;false;plains;2
1429;126;242;244;land;true;plains;2
1430;234;149;234;land;false;hills;2
1431;241;226;48;land;false;plains;5
1432;203;208;184;land;false;plains;2
1433;104;230;209;land;false;hills;2
1434;241;187;214;land;false;plains;2
1435;241;161;185;land;true;plains;2
1436;213;211;138;land;true;forest;2
1437;148;188;179;land;false;plains;5
1438;251;118;249;land;true;desert;5
1439;194;175;167;land;false;hills;5
1440;37;245;239;land;false;plains;5
1441;233;241;168;land;false;urban;2
1442;232;251;184;land;false;jungle;2
1443;246;211;102;land;false;plains;2
1444;150;200;240;land;false;plains;5
1445;57;240;241;land;false;plains;2
1446;192;243;209;land;false;plains;2
1447;182;215;121;land;false;plains;5
1448;189;149;180;land;false;forest;2
1449;10;240;252;land;false;plains;2
1450;237;111;221;land;false;plains;2
1451;103;204;234;land;false;forest;2
1452;229;246;246;land;false;hills;2
1453;222;239;112;land;true;jungle;2
1454;173;233;210;land;true;plains;5
1455;201;218;197;land;false;desert;4
1456;240;134;179;land;false;plains;2
1457;110;213;212;land;true;plains;3
1458;116;206;238;land;false;plains;2
1459;222;65;240;land;false;plains;5
1460;238;107;219;land;false;plains;2
1461;212;113;180;land;false;plains;5
1462;201;193;195;land;true;plains;2
1463;241;188;252;land;true;jungle;2
1464;199;88;239;land;true;forest;2
1465;253;169;139;land;false;plains;5
1466;231;131;162;land;false;plains;3
1467;245;251;147;land;false;mountain;2
1468;160;219;145;land;false;hills;5
1469;148;139;236;land;false;plains;5
1470;160;198;163;land;true;plains;5
1471;249;84;217;land;false;hills;2
1472;252;223;244;land;false;desert;5
1473;131;214;171;land;true;jungle;2
1474;158;209;228;land;true;plains;5
1475;253;121;213;land;false;desert;2
1476;200;192;207;land;false;mountain;2
1477;249;246;16;land;true;desert;5
1478;224;150;195;land;true;jungle;2
1479;96;221;248;land;false;mountain;5
1480;252;181;153;land;false;plains;2
1481;244;231;45;land;true;plains;2
1482;240;141;141;land;false;forest;2
1483;176;180;210;land;false;plains;5
1484;184;196;228;land;true;plains;5
1485;233;112;160;land;false;plains;2
1486;108;229;228;land;false;desert;5
1487;238;157;122;land;true;plains;2
1488;175;222;171;land;false;plains;2
1489;247;218;190;land;false;hills;2
1490;144;181;223;land;false;plains;5
1491;227;90;186;land;true;plains;2
1492;196;210;240;land;true;plains;5
1493;177;188;193;land;false;desert;5
1494;155;221;231;land;false;plains;5
1495;213;215;211;land;true;plains;2
1496;225;164;194;land;false;plains;5
1497;202;146;204;land;true;plains;5
1498;128;231;204;land;true;forest;2
1499;244;239;202;land;false;plains;5
1500;218;239;198;land;false;plains;2
1501;179;199;219;land;false;forest;2
1502;249;180;250;land;true;plains;3
1503;237;192;207;land;false;mountain;2
1504;202;231;182;land;false;hills;2
1505;159;201;183;land;false;forest;2
1506;233;183;252;land;true;plains;5
1507;237;217;83;land;false;mountain;5
1508;157;107;244;land;false;plains;5
1509;179;118;248;land;false;forest;2
1510;186;87;239;land;false;plains;5
1511;52;219;245;land;false;mountain;5
1512;138;240;147;land;false;desert;5
1513;151;218;154;land;false;mountain;2
1514;245;38;235;land;false;mountain;2
1515;224;253;218;land;true;plains;5
1516;102;233;187;land;true;plains;5
1517;160;181;217;land;false;forest;2
1518;240;72;193;land;true;forest;2
1519;168;196;209;land;false;hills;2
1520;252;95;171;land;false;forest;5
1521;248;195;78;land;false;hills;2
1522;110;175;225;land;false;forest;2
1523;247;156;167;land;false;plains;4
1524;202;222;167;land;true;forest;2
1525;230;183;100;land;false;forest;2
1526;244;53;216;land;false;forest;5
1527;163;176;246;land;false;plains;2
1528;134;165;215;land;true;plains;5
1529;245;156;203;land;false;plains;2
1530;171;208;151;land;true;plains;5
1531;194;163;227;land;false;desert;2
1532;34;228;240;land;true;desert;4
1533;145;215;237;land;false;mountain;2
1534;241;201;171;land;false;plains;5
1535;244;209;167;land;false;desert;4
1536;116;237;246;land;true;hills;2
1537;151;218;179;land;true;plains;5
1538;240;172;197;land;false;hills;2
1539;248;88;209;land;false;plains;2
1540;234;180;140;land;false;plains;2
1541;173;190;249;land;false;desert;2
1542;159;181;239;land;false;plains;2
1543;159;121;234;land;true;plains;2
1544;240;177;182;land;true;plains;5
1545;226;74;229;land;false;hills;5
1546;131;173;199;land;false;plains;2
1547;172;156;186;land;true;plains;5
1548;211;113;211;land;false;plains;5
1549;220;247;220;land;false;plains;5
1550;222;183;193;land;false;plains;2
1551;211;202;106;land;false;plains;5
1552;179;208;132;land;false;forest;2
1553;171;209;191;land;false;plains;5
1554;223;112;204;land;false;plains;2
1555;102;203;206;land;true;plains;5
1556;239;190;184;land;false;desert;2
1557;195;92;245;land;false;plains;5
1558;132;230;167;land;true;plains;2
1559;213;213;251;land;true;plains;5
1560;248;202;180;land;false;jungle;2
1561;246;43;252;land;false;hills;2
1562;83;212;243;land;false;plains;5
1563;212;159;191;land;true;plains;2
1564;150;214;147;land;false;mountain;5
1565;231;243;122;land;true;forest;2
1566;184;253;92;land;true;plains;2
1567;95;240;180;land;false;plains;2
1568;104;231;231;land;true;plains;5
1569;218;111;194;land;false;plains;2
1570;247;174;166;land;false;hills;2
1571;204;175;208;land;false;plains;2
1572;252;109;234;land;false;plains;5
1573;213;181;229;land;false;mountain;2
1574;123;177;252;land;false;plains;5
1575;244;138;249;land;false;plains;5
1576;150;229;144;land;true;plains;5
1577;139;228;243;land;false;plains;5
1578;180;211;161;land;false;plains;5
1579;153;208;181;land;false;plains;5
1580;124;245;240;land;false;plains;5
1581;220;156;152;land;false;mountain;5
1582;186;190;144;land;true;plains;5
1583;180;243;254;land;false;mountain;2
1584;234;179;98;land;false;forest;2
1585;142;227;190;land;true;plains;2
1586;251;120;235;land;false;plains;4
1587;241;159;130;land;false;desert;4
1588;219;113;235;land;false;mountain;2
1589;215;209;100;land;false;hills;5
1590;206;203;213;land;false;forest;5
1591;85;209;207;land;false;plains;5
1592;218;221;183;land;false;hills;2
1593;254;215;184;land;false;jungle;2
1594;218;83;212;land;false;hills;5
1595;251;160;106;land;false;plains;5
1596;209;212;95;land;false;plains;2
1597;141;208;206;land;true;plains;5
1598;251;209;221;land;false;plains;2
1599;171;158;244;land;true;plains;5
1600;178;206;231;land;true;plains;2
1601;253;178;212;land;false;forest;2
1602;123;160;243;land;false;marsh;2
1603;106;245;224;land;false;plains;5
1604;237;69;248;land;false;mountain;2
1605;250;100;193;land;true;mountain;5
1606;211;186;198;land;false;forest;2
1607;229;195;134;land;false;mountain;2
1608;251;195;103;land;false;forest;2
1609;249;200;82;land;false;plains;5
1610;241;253;15;land;false;plains;3
1611;243;48;228;land;false;jungle;2
1612;142;234;245;land;true;plains;5
1613;188;182;215;land;false;plains;5
1614;120;197;224;land;false;plains;2
1615;240;249;187;land;false;desert;5
1616;232;219;120;land;false;plains;5
1617;217;106;237;land;false;plains;5
1618;239;84;244;land;false;plains;2
1619;191;156;169;land;false;mountain;2
1620;154;211;230;land;false;forest;2
1621;207;199;198;land;false;plains;2
1622;225;171;140;land;true;plains;5
1623;163;249;175;land;false;plains;5
1624;157;171;218;land;false;mountain;2
1625;239;228;226;land;false;forest;2
1626;178;163;162;land;false;desert;5
1627;135;178;206;land;false;plains;2
1628;238;191;140;land;false;forest;2
1629;193;242;151;land;false;jungle;2
1630;65;240;233;land;false;jungle;2
1631;254;123;199;land;true;urban;5
1632;208;247;215;land;false;plains;2
1633;53;246;244;land;false;hills;5
1634;207;184;244;land;false;forest;2
1635;253;84;168;land;false;plains;5
1636;227;108;240;land;false;jungle;2
1637;153;249;253;land;false;plains;5
1638;254;212;229;land;false;mountain;2
1639;239;133;229;land;false;plains;5
1640;214;114;180;land;false;desert;2
1641;239;221;131;land;true;plains;5
1642;210;169;141;land;false;hills;5
1643;78;202;242;land;true;plains;3
1644;164;181;173;land;false;plains;5
1645;205;187;174;land;false;forest;2
1646;240;154;198;land;true;plains;2
1647;221;157;154;land;true;plains;2
1648;239;236;123;land;false;plains;3
1649;192;172;202;land;false;jungle;2
1650;201;243;199;land;false;mountain;3
1651;114;234;172;land;false;plains;2
1652;58;236;208;land;false;plains;5
1653;179;121;243;land;false;desert;5
1654;203;186;200;land;false;plains;2
1655;164;137;216;land;false;forest;2
1656;218;210;234;land;false;plains;2
1657;248;155;248;land;true;plains;5
1658;251;157;178;land;false;plains;2
1659;157;249;243;land;false;mountain;2
1660;227;217;141;land;false;mountain;5
1661;171;159;199;land;false;mountain;2
1662;203;192;225;land;false;desert;5
1663;173;173;159;land;true;plains;3
1664;57;218;245;land;true;plains;5
1665;160;237;233;land;false;plains;5
1666;187;249;154;land;false;mountain;2
1667;228;141;195;land;true;plains;5
1668;241;224;144;land;false;plains;2
1669;245;203;242;land;true;plains;5
1670;171;94;249;land;false;plains;2
1671;158;199;180;land;false;mountain;2
1672;228;236;65;land;false;hills;2
1673;168;190;236;land;false;hills;2
1674;247;237;68;land;false;plains;5
1675;233;98;223;land;false;plains;2
1676;184;227;152;land;false;plains;2
1677;138;144;244;land;false;mountain;2
1678;130;251;237;land;false;plains;5
1679;225;151;165;land;false;plains;2
1680;243;233;203;land;false;mountain;2
1681;94;250;246;land;false;hills;5
1682;54;238;229;land;false;forest;2
1683;231;212;83;land;false;plains;5
1684;249;249;244;land;true;plains;2
1685;159;249;232;land;false;plains;3
1686;246;180;230;land;false;hills;2
1687;143;215;233;land;false;forest;2
1688;208;233;150;land;true;plains;2
1689;151;253;181;land;true;desert;4
1690;229;186;234;land;true;plains;2
1691;214;111;188;land;false;plains;2
1692;203;80;236;land;false;desert;5
1693;249;196;222;land;false;plains;5
1694;174;185;212;land;true;plains;5
1695;246;12;249;land;false;plains;2
1696;143;218;169;land;false;plains;5
1697;155;249;122;land;false;plains;2
1698;229;244;35;land;true;plains;5
1699;157;207;185;land;false;plains;5
1700;250;164;127;land;true;plains;2
1701;77;204;224;land;false;desert;2
1702;225;134;218;land;false;hills;2
1703;174;196;174;land;false;plains;2
1704;135;218;162;land;false;plains;2
1705;248;210;159;land;false;mountain;5
1706;199;254;64;land;true;plains;3
1707;205;248;220;land;false;plains;5
1708;124;205;184;land;true;plains;5
1709;247;249;231;land;false;plains;5
1710;181;180;154;land;true;mountain;2
1711;170;224;238;land;true;plains;5
1712;184;129;233;land;false;forest;2
1713;111;195;199;land;false;urban;2
1714;222;244;65;land;false;plains;5
1715;247;235;198;land;false;forest;2
1716;217;124;177;land;false;plains;5
1717;156;135;220;land;false;jungle;2
1718;147;162;222;land;false;plains;2
1719;222;96;205;land;false;forest;5
1720;95;207;244;land;false;plains;2
1721;242;224;161;land;false;plains;3
1722;238;237;105;land;false;plains;5
1723;183;227;230;land;false;hills;2
1724;239;141;172;land;false;plains;5
1725;196;229;225;land;false;plains;2
1726;102;247;195;land;true;plains;3
1727;176;191;140;land;false;jungle;2
1728;185;242;222;land;false;plains;5
1729;153;251;251;land;false;plains;5
1730;143;231;250;land;true;plains;5
1731;222;198;179;land;true;desert;4
1732;181;192;141;land;false;jungle;2
1733;192;148;211;land;false;forest;2
1734;216;104;240;land;true;desert;4
1735;203;180;136;land;false;plains;5
1736;208;217;160;land;false;urban;2
1737;242;224;205;land;true;hills;2
1738;73;242;206;land;false;plains;2
1739;223;205;214;land;true;jungle;2
1740;203;184;196;land;false;plains;2
1741;163;124;249;land;false;desert;5
1742;184;250;170;land;true;plains;5
1743;195;216;200;land;true;jungle;2
1744;196;231;156;land;true;hills;2
1745;209;165;130;land;false;plains;5
1746;95;240;228;land;false;plains;5
1747;252;226;98;land;false;plains;2
1748;166;243;157;land;false;plains;5
1749;182;130;232;land;true;hills;5
1750;236;247;87;land;false;plains;5
1751;195;171;236;land;false;forest;2
1752;124;211;205;land;false;plains;5
1753;196;115;219;land;false;plains;2
1754;181;202;254;land;false;hills;2
1755;81;200;249;land;true;plains;5
1756;172;130;214;land;true;jungle;2
1757;102;245;215;land;true;plains;2
1758;251;24;239;land;true;plains;2
1759;127;197;205;land;true;plains;5
1760;247;102;178;land;false;plains;2
1761;204;246;116;land;true;plains;2
1762;196;229;250;land;false;jungle;2
1763;203;237;215;land;false;plains;5
1764;244;126;226;land;false;jungle;2
1765;109;183;252;land;false;desert;5
1766;243;159;199;land;false;plains;5
1767;217;168;231;land;true;urban;2
1768;247;191;173;land;false;plains;2
1769;90;244;233;land;false;hills;2
1770;204;146;251;land;false;plains;2
1771;215;225;233;land;false;forest;2
1772;134;224;150;land;false;plains;2
1773;154;169;181;land;false;desert;5
1774;246;121;166;land;true;urban;2
1775;113;230;174;land;false;plains;5
1776;128;241;203;land;false;mountain;2
1777;144;239;207;land;false;hills;5
1778;206;69;251;land;true;jungle;2
1779;178;199;182;land;false;desert;2
1780;95;247;177;land;true;plains;5
1781;183;225;171;land;false;plains;2
1782;249;100;171;land;false;hills;2
1783;193;100;212;land;false;forest;2
1784;211;125;253;land;false;jungle;2
1785;237;222;172;land;false;jungle;2
1786;134;236;208;land;false;urban;2
1787;146;198;180;land;false;plains;5
1788;185;222;144;land;false;hills;2
1789;125;180;226;land;false;plains;2
1790;249;244;182;land;true;desert;2
1791;188;123;250;land;false;plains;5
1792;221;61;234;land;false;plains;2
1793;247;234;133;land;false;plains;2
1794;241;251;191;land;false;plains;5
1795;232;197;156;land;true;plains;5
1796;160;191;177;land;false;mountain;2
1797;233;167;140;land;false;plains;5
1798;242;209;125;land;false;plains;5
1799;162;145;248;land;true;plains;5
1800;150;252;109;land;false;hills;2
1801;193;130;244;land;true;plains;5
1802;192;182;194;land;false;plains;2
1803;180;227;150;land;false;plains;2
1804;198;253;62;land;false;desert;5
1805;128;231;233;land;false;desert;2
1806;109;222;212;land;true;plains;5
1807;253;59;210;land;false;plains;5
1808;204;191;164;land;false;forest;2
1809;210;163;253;land;false;plains;5
1810;221;218;217;land;false;plains;2
1811;210;227;247;land;true;plains;5
1812;161;148;236;land;false;forest;5
1813;216;221;148;land;true;plains;5
1814;252;93;225;land;false;plains;5
1815;130;217;181;land;false;plains;5
1816;172;234;117;land;false;mountain;2
1817;187;191;216;land;true;mountain;2
1818;247;105;209;land;false;jungle;2
1819;181;157;254;land;false;plains;2
1820;172;146;242;land;false;forest;2
1821;208;112;191;land;false;plains;5
1822;97;211;217;land;false;mountain;2
1823;207;147;193;land;false;plains;5
1824;125;132;245;land;true;jungle;2
1825;228;165;158;land;false;plains;2
1826;78;246;189;land;false;forest;2
1827;111;189;250;land;false;urban;2
1828;165;230;243;land;false;hills;2
1829;145;239;155;land;false;plains;2
1830;222;225;86;land;false;plains;5
1831;237;248;165;land;false;plains;5
1832;222;219;106;land;false;plains;5
1833;186;130;194;land;false;plains;5
1834;125;164;236;land;false;plains;2
1835;250;242;45;land;true;mountain;5
1836;135;181;199;land;false;plains;5
1837;97;228;229;land;false;mountain;2
1838;204;109;201;land;false;mountain;2
1839;245;166;159;land;false;hills;2
1840;183;168;184;land;false;plains;5
1841;213;67;227;land;false;plains;5
1842;252;128;238;land;true;plains;5
1843;249;249;111;land;false;hills;5
1844;157;98;247;land;false;plains;5
1845;220;236;183;land;true;plains;5
1846;64;186;253;land;false;plains;2
1847;145;223;231;land;false;jungle;2
1848;85;215;213;land;true;jungle;2
1849;214;227;195;land;false;hills;5
1850;228;136;213;land;false;plains;5
1851;157;233;176;land;false;plains;5
1852;211;128;209;land;false;forest;2
1853;163;211;214;land;true;plains;5
1854;248;185;149;land;true;plains;5
1855;199;205;238;land;false;plains;5
1856;195;198;119;land;false;plains;5
1857;247;244;184;land;false;plains;2
1858;220;113;191;land;false;plains;5
1859;194;245;155;land;false;plains;5
1860;199;154;227;land;false;plains;2
1861;34;239;249;land;false;hills;2
1862;191;210;224;land;true;mountain;5
1863;231;89;229;land;false;mountain;5
1864;190;219;195;land;false;forest;2
1865;107;235;192;land;false;mountain;2
1866;208;69;229;land;false;plains;2
1867;63;237;224;land;false;plains;3
1868;239;115;204;land;false;plains;5
1869;213;207;210;land;false;jungle;2
1870;253;239;209;land;false;plains;2
1871;150;147;245;land;true;plains;3
1872;225;155;123;land;true;plains;5
1873;123;173;206;land;false;plains;5
1874;154;254;219;land;false;plains;2
1875;204;116;216;land;true;plains;2
1876;253;63;246;land;true;desert;2
1877;238;186;98;land;false;mountain;2
1878;222;130;195;land;false;plains;2
1879;174;252;131;land;false;plains;5
1880;253;230;146;land;false;plains;5
1881;223;183;233;land;true;plains;2
1882;212;245;246;land;false;plains;3
1883;165;162;200;land;false;forest;2
1884;201;208;141;land;false;plains;2
1885;82;226;194;land;false;plains;5
1886;214;137;175;land;true;mountain;5
1887;234;66;225;land;true;plains;5
1888;126;225;178;land;true;plains;5
1889;209;230;134;land;false;forest;5
1890;219;202;108;land;true;plains;5
1891;186;92;233;land;true;plains;5
1892;220;87;245;land;true;plains;5
1893;173;230;222;land;false;plains;2
1894;218;223;67;land;false;plains;5
1895;20;241;249;land;true;plains;2
1896;228;204;167;land;true;plains;5
1897;175;163;222;land;false;plains;5
1898;137;145;243;land;false;plains;5
1899;228;218;134;land;true;plains;3
1900;66;245;214;land;false;mountain;2
1901;198;217;122;land;false;mountain;2
1902;179;154;184;land;false;jungle;2
1903;231;140;145;land;false;plains;2
1904;163;134;233;land;false;jungle;2
1905;90;219;228;land;false;plains;5
1906;240;225;165;land;false;plains;5
1907;54;245;248;land;false;plains;5
1908;180;213;229;land;false;desert;5
1909;245;244;45;land;true;plains;5
1910;189;176;244;land;false;mountain;2
1911;181;156;211;land;false;jungle;2
1912;126;237;196;land;false;plains;2
1913;251;237;75;land;false;forest;2
1914;167;207;186;land;false;plains;2
1915;130;214;253;land;true;plains;5
1916;224;80;212;land;false;plains;5
1917;142;223;163;land;true;plains;5
1918;202;241;64;land;false;plains;5
1919;169;127;234;land;false;forest;2
1920;182;139;218;land;false;plains;2
1921;239;76;237;land;false;plains;2
1922;234;187;248;land;false;plains;2
1923;191;142;175;land;true;plains;5
1924;107;167;246;land;false;plains;5
1925;238;142;219;land;false;plains;5
1926;196;149;245;land;true;plains;5
1927;205;215;222;land;false;plains;5
1928;223;200;109;land;false;mountain;2
1929;208;245;98;land;false;forest;2
1930;235;52;227;land;true;plains;2
1931;190;143;206;land;false;plains;5
1932;228;137;201;land;false;plains;5
1933;134;169;246;land;false;plains;2
1934;212;253;73;land;true;plains;3
1935;245;129;190;land;false;plains;5
1936;211;84;254;land;false;hills;5
1937;194;157;197;land;false;forest;2
1938;230;110;199;land;false;hills;2
1939;247;127;218;land;false;plains;2
1940;238;203;239;land;false;plains;5
1941;203;153;169;land;false;plains;2
1942;133;254;157;land;false;plains;2
1943;226;210;164;land;true;hills;5
1944;225;143;179;land;true;plains;5
1945;224;51;252;land;false;plains;5
1946;224;242;171;land;false;plains;5
1947;211;174;166;land;true;jungle;2
1948;31;239;247;land;false;forest;2
1949;207;141;211;land;false;hills;2
1950;201;93;223;land;false;mountain;2
1951;74;188;249;land;false;plains;5
1952;234;154;117;land;false;plains;2
1953;239;137;227;land;false;mountain;2
1954;174;254;205;land;false;mountain;5
1955;241;241;27;land;false;mountain;3
1956;186;156;161;land;false;plains;2
1957;242;161;205;land;true;desert;4
1958;233;143;182;land;false;plains;5
1959;191;235;116;land;false;mountain;5
1960;154;211;163;land;false;hills;5
1961;218;101;244;land;false;plains;5
1962;162;209;212;land;true;plains;2
1963;225;229;85;land;true;plains;3
1964;220;222;190;land;false;hills;2
1965;130;236;185;land;false;jungle;2
1966;227;53;236;land;true;plains;5
1967;214;254;43;land;false;desert;5
1968;107;215;183;land;false;plains;2
1969;134;144;238;land;true;desert;4
1970;211;83;219;land;false;hills;2
1971;241;187;216;land;false;plains;2
1972;248;230;41;land;false;plains;2
1973;238;206;73;land;false;plains;5
1974;213;88;239;land;false;plains;5
1975;42;225;253;land;false;plains;2
1976;225;192;118;land;false;plains;2
1977;251;173;109;land;false;plains;5
1978;117;248;185;land;false;plains;5
1979;254;243;4;land;false;mountain;5
1980;234;229;170;land;true;plains;3
1981;145;146;232;land;false;plains;2
1982;142;173;245;land;true;plains;5
1983;146;169;221;land;false;plains;5
1984;254;228;137;land;true;plains;4
1985;154;160;246;land;false;mountain;2
1986;114;249;145;land;false;plains;5
1987;69;223;250;land;false;plains;2
1988;175;245;185;land;false;plains;5
1989;232;161;119;land;true;plains;2
1990;176;236;211;land;true;plains;5
1991;242;211;136;land;false;jungle;2
1992;59;212;246;land;false;plains;2
1993;184;137;251;land;true;jungle;2
1994;230;132;182;land;false;forest;5
1995;127;244;215;land;true;plains;2
1996;235;103;243;land;false;forest;2
1997;100;249;152;land;false;plains;5
1998;190;161;168;land;true;plains;2
1999;190;85;254;land;true;plains;2
2000;138;226;215;land;false;mountain;2
2001;246;164;128;land;false;desert;5
2002;248;51;252;land;true;plains;5
2003;151;214;216;land;true;urban;2
2004;223;156;196;land;false;plains;5
2005;223;153;166;land;true;plains;2
2006;231;241;195;land;false;hills;2
2007;212;187;243;land;false;hills;2
2008;164;181;230;land;true;forest;2
2009;220;37;247;land;false;urban;5
2010;254;154;202;land;false;mountain;5
2011;202;189;180;land;false;plains;2
2012;203;229;105;land;false;plains;5
2013;253;217;70;land;false;plains;2
2014;202;90;236;land;false;hills;2
2015;55;248;246;land;true;plains;2
2016;132;206;249;land;false;mountain;5
2017;156;244;245;land;true;plains;2
2018;205;156;226;land;false;plains;5
2019;117;174;232;land;false;forest;2
2020;204;218;246;land;false;forest;2
2021;151;138;231;land;false;hills;2
2022;241;245;253;land;false;forest;2
2023;146;245;167;land;false;urban;2
2024;171;233;206;land;true;plains;5
2025;233;133;206;land;false;plains;5
2026;249;27;235;land;true;plains;5
2027;141;192;219;land;true;desert;4
2028;191;245;79;land;false;plains;5
2029;158;215;194;land;false;desert;5
2030;156;220;200;land;true;plains;3
2031;95;159;251;land;false;mountain;2
2032;173;251;170;land;false;mountain;2
2033;192;134;193;land;false;plains;2
2034;208;237;196;land;false;plains;5
2035;147;240;190;land;true;plains;5
2036;230;222;239;land;true;plains;2
2037;146;229;226;land;false;forest;2
2038;150;219;191;land;false;plains;2
2039;216;236;218;land;false;plains;2
2040;230;157;194;land;false;plains;5
2041;155;190;205;land;true;plains;3
2042;86;201;220;land;true;plains;5
2043;214;123;237;land;false;hills;2
2044;244;183;100;land;true;desert;4
2045;89;245;219;land;false;plains;5
2046;35;242;231;land;false;plains;5
2047;203;139;242;land;true;plains;5
2048;69;218;220;land;false;desert;2
2049;249;178;171;land;true;mountain;5
2050;156;133;226;land;false;hills;5
2051;104;234;196;land;false;forest;2
2052;186;124;238;land;false;jungle;2
2053;229;209;254;land;true;plains;5
2054;183;101;218;land;true;mountain;5
2055;252;226;65;land;false;mountain;2
2056;150;252;152;land;false;hills;2
2057;237;112;218;land;false;plains;5
2058;156;182;216;land;false;plains;5
2059;236;211;99;land;false;plains;2
2060;232;186;158;land;false;hills;5
2061;80;236;239;land;false;plains;5
2062;150;225;192;land;false;desert;5
2063;201;183;177;land;true;forest;2
2064;152;227;123;land;true;plains;2
2065;209;221;77;land;false;jungle;2
2066;205;136;217;land;true;forest;2
2067;236;112;180;land;true;mountain;5
2068;117;190;220;land;false;plains;5
2069;156;136;254;land;false;hills;2
2070;250;193;200;land;true;plains;2
2071;242;248;187;land;false;jungle;2
2072;236;148;228;land;true;plains;5
2073;212;209;153;land;false;plains;2
2074;216;165;213;land;false;plains;5
2075;247;77;183;land;false;hills;5
2076;235;252;47;land;true;plains;5
2077;153;217;245;land;false;mountain;2
2078;132;161;233;land;false;plains;5
2079;116;186;202;land;false;forest;2
2080;254;216;219;land;false;mountain;2
2081;226;230;215;land;false;mountain;2
2082;66;240;210;land;false;plains;2
2083;209;170;169;land;false;plains;5
2084;190;212;155;land;false;forest;2
2085;233;80;224;land;false;mountain;2
2086;207;241;233;land;false;forest;2
2087;224;162;119;land;true;desert;4
2088;184;234;155;land;false;plains;2
2089;243;194;81;land;true;plains;5
2090;161;222;137;land;false;forest;2
2091;213;233;153;land;true;plains;5
2092;193;213;112;land;false;marsh;2
2093;234;238;251;land;false;jungle;2
2094;254;150;156;land;true;plains;5
2095;114;240;238;land;false;desert;2
2096;44;212;252;land;false;plains;2
2097;253;165;100;land;false;mountain;5
2098;197;79;249;land;true;plains;2
2099;220;69;244;land;false;mountain;2
2100;189;128;220;land;true;plains;3
2101;208;199;120;land;false;desert;5
2102;181;232;110;land;false;plains;2
2103;148;213;242;land;false;forest;2
2104;222;109;242;land;false;forest;2
2105;159;171;251;land;true;plains;5
2106;151;196;241;land;true;plains;5
2107;178;253;80;land;true;plains;5
2108;250;246;142;land;false;plains;2
2109;252;80;202;land;true;plains;5
2110;225;181;217;land;false;plains;5
2111;220;208;156;land;true;plains;5
2112;164;212;218;land;false;jungle;2
2113;93;226;236;land;false;mountain;2
2114;252;183;103;land;false;plains;5
2115;249;184;254;land;false;plains;2
2116;149;225;231;land;false;plains;5
2117;110;209;246;land;false;plains;2
2118;244;66;204;land;false;plains;2
2119;65;210;233;land;true;plains;5
2120;246;246;17;land;false;mountain;2
2121;159;133;223;land;false;plains;2
2122;128;180;220;land;false;forest;2
2123;194;251;159;land;false;plains;2
2124;247;56;227;land;false;plains;5
2125;173;131;244;land;false;forest;2
2126;239;201;158;land;false;mountain;5
2127;228;57;221;land;false;plains;5
2128;124;212;216;land;false;plains;2
2129;247;131;246;land;true;plains;5
2130;192;217;244;land;false;plains;2
2131;53;218;250;land;false;plains;5
2132;195;246;113;land;false;mountain;2
2133;193;203;133;land;false;mountain;2
2134;56;249;252;land;true;plains;5
2135;231;119;175;land;false;desert;5
2136;213;219;118;land;true;desert;4
2137;234;204;127;land;true;plains;5
2138;138;202;222;land;false;hills;2
2139;144;197;191;land;false;plains;2
2140;152;244;203;land;false;forest;2
2141;224;136;168;land;true;plains;3
2142;237;203;167;land;false;plains;2
2143;176;209;196;land;false;plains;5
2144;178;170;154;land;false;plains;5
2145;99;183;227;land;false;plains;3
2146;193;193;133;land;true;plains;5
2147;170;191;140;land;true;plains;5
2148;143;197;250;land;false;plains;2
2149;252;132;198;land;true;plains;5
2150;129;181;197;land;false;plains;2
2151;212;251;42;land;false;hills;2
2152;136;156;254;land;true;plains;5
2153;234;250;46;land;true;plains;5
2154;252;154;197;land;false;plains;5
2155;121;166;232;land;true;plains;5
2156;149;214;244;land;false;plains;2
2157;149;195;198;land;false;hills;2
2158;134;215;215;land;false;plains;2
2159;69;225;230;land;false;plains;5
2160;113;199;199;land;true;urban;5
2161;231;247;201;land;false;mountain;5
2162;188;224;139;land;true;plains;2
2163;136;239;195;land;false;plains;2
2164;189;231;161;land;true;hills;5
2165;190;208;118;land;true;plains;5
2166;216;222;205;land;true;urban;2
2167;158;220;151;land;true;desert;2
2168;149;230;156;land;false;plains;2
2169;240;217;162;land;false;plains;5
2170;189;122;241;land;true;hills;2
2171;243;205;53;land;true;plains;5
2172;110;233;196;land;false;plains;2
2173;232;250;33;land;false;plains;2
2174;172;219;116;land;false;hills;2
2175;208;102;234;land;false;plains;5
2176;222;125;252;land;true;desert;4
2177;189;224;203;land;true;plains;2
2178;209;173;201;land;false;plains;5
2179;229;194;85;land;false;plains;5
2180;233;54;254;land;false;plains;3
2181;147;200;227;land;true;desert;5
2182;248;137;120;land;true;plains;3
2183;188;189;135;land;false;plains;2
2184;225;203;74;land;false;jungle;2
2185;229;253;166;land;false;plains;5
2186;249;172;216;land;false;plains;5
2187;241;73;213;land;true;plains;5
2188;235;226;216;land;true;forest;2
2189;232;194;220;land;false;hills;5
2190;209;187;121;land;true;plains;5
2191;212;177;229;land;false;plains;3
2192;206;221;76;land;false;plains;2
2193;168;163;197;land;false;desert;5
2194;229;211;183;land;true;jungle;2
2195;251;127;180;land;false;hills;2
2196;202;228;238;land;false;plains;5
2197;201;204;231;land;false;plains;5
2198;194;197;114;land;false;plains;2
2199;36;236;249;land;true;plains;5
2200;240;122;156;land;false;jungle;2
2201;229;126;196;land;false;plains;5
2202;209;220;128;land;false;forest;2
2203;144;181;240;land;false;plains;5
2204;241;110;167;land;false;plains;3
2205;224;141;136;land;false;plains;5
2206;72;222;218;land;false;hills;2
2207;136;160;219;land;true;plains;5
2208;225;152;156;land;true;plains;4
2209;169;192;152;land;false;plains;2
2210;103;206;208;land;false;plains;5
2211;176;145;225;land;false;desert;5
2212;231;228;127;land;false;plains;2
2213;181;249;149;land;true;plains;5
2214;236;131;233;land;false;mountain;2
2215;247;127;189;land;false;forest;2
2216;131;164;249;land;false;hills;2
2217;199;181;151;land;false;plains;5
2218;159;239;133;land;false;plains;2
2219;186;231;201;land;false;plains;5
2220;253;210;157;land;false;plains;5
2221;213;244;164;land;true;plains;5
2222;237;197;213;land;false;plains;5
2223;100;230;197;land;true;plains;5
2224;83;194;230;land;false;forest;2
2225;214;250;76;land;false;plains;5
2226;157;170;197;land;true;desert;5
2227;237;62;245;land;false;desert;5
2228;203;170;152;land;true;plains;3
2229;160;216;247;land;false;plains;5
2230;201;147;181;land;false;mountain;2
2231;162;160;241;land;false;hills;5
2232;152;215;139;land;false;plains;5
2233;166;247;130;land;false;plains;5
2234;234;244;96;land;false;hills;2
2235;169;253;105;land;false;mountain;5
2236;252;196;126;land;true;plains;5
2237;233;156;219;land;false;plains;5
2238;250;197;217;land;false;plains;5
2239;244;190;218;land;true;plains;5
2240;140;185;231;land;false;plains;5
2241;207;205;238;land;true;plains;2
2242;228;187;143;land;true;mountain;5
2243;246;143;137;land;false;plains;5
2244;186;207;108;land;false;plains;2
2245;59;250;201;land;false;mountain;5
2246;201;219;200;land;false;jungle;2
2247;222;61;233;land;false;jungle;2
2248;227;251;28;land;true;plains;5
2249;249;89;210;land;false;plains;5
2250;195;160;249;land;false;forest;2
2251;248;167;189;land;false;forest;5
2252;64;203;235;land;true;plains;5
2253;142;225;220;land;false;mountain;5
2254;209;166;171;land;false;plains;2
2255;136;232;141;land;false;plains;5
2256;167;154;214;land;false;forest;2
2257;237;252;242;land;false;mountain;2
2258;74;185;250;land;false;mountain;5
2259;244;254;159;land;true;plains;5
2260;194;124;220;land;false;plains;5
2261;217;221;188;land;false;forest;2
2262;203;254;152;land;true;plains;5
2263;202;215;86;land;false;plains;5
2264;207;217;134;land;true;plains;4
2265;193;169;173;land;true;forest;2
2266;171;218;183;land;false;plains;5
2267;225;242;75;land;true;plains;5
2268;236;205;100;land;false;forest;2
2269;118;156;237;land;false;jungle;2
2270;247;182;110;land;false;mountain;2
2271;155;164;243;land;false;hills;5
2272;130;198;177;land;true;plains;2
2273;130;232;147;land;false;plains;5
2274;223;247;91;land;false;jungle;2
2275;238;230;118;land;false;mountain;5
2276;129;207;217;land;true;plains;5
2277;223;220;247;land;false;forest;2
2278;172;191;155;land;false;plains;2
2279;222;220;96;land;false;plains;2
2280;224;122;231;land;false;plains;3
2281;164;148;206;land;false;desert;5
2282;64;226;225;land;true;plains;5
2283;89;221;250;land;false;mountain;5
2284;206;176;205;land;false;plains;2
2285;229;83;189;land;false;desert;5
2286;138;178;216;land;true;forest;2
2287;201;57;246;land;false;plains;2
2288;253;167;104;land;false;plains;5
2289;185;113;244;land;false;plains;5
2290;189;200;230;land;true;plains;4
2291;220;150;230;land;false;plains;2
2292;235;89;188;land;false;plains;2
2293;186;229;189;land;false;plains;5
2294;45;206;254;land;false;mountain;2
2295;252;203;114;land;true;plains;5
2296;137;248;153;land;false;plains;5
2297;231;212;175;land;false;plains;5
2298;227;173;186;land;false;hills;2
2299;249;180;100;land;false;mountain;2
2300;206;117;192;land;false;plains;5
2301;152;202;251;land;false;plains;5
2302;218;116;216;land;false;plains;5
2303;184;213;172;land;false;forest;2
2304;129;176;234;land;false;plains;2
2305;182;135;226;land;false;plains;2
2306;109;254;144;land;false;mountain;2
2307;231;119;219;land;false;mountain;5
2308;219;187;144;land;false;hills;2
2309;214;132;199;land;false;hills;2
2310;209;79;252;land;false;plains;2
2311;195;77;254;land;false;jungle;2
2312;142;172;243;land;true;plains;2
2313;197;117;208;land;false;mountain;2
2314;171;163;174;land;false;hills;2
2315;220;171;162;land;false;hills;5
2316;201;196;126;land;false;plains;2
2317;170;225;171;land;false;plains;5
2318;107;221;185;land;false;jungle;2
2319;248;254;202;land;false;plains;5
2320;184;143;206;land;false;plains;5
2321;249;225;63;land;true;plains;5
2322;210;229;152;land;true;plains;5
2323;218;130;237;land;true;mountain;5
2324;133;226;205;land;true;desert;4
2325;219;100;212;land;false;plains;5
2326;169;232;129;land;true;plains;5
2327;179;135;227;land;false;plains;5
2328;181;119;220;land;false;plains;5
2329;162;219;157;land;false;desert;5
2330;202;200;116;land;false;mountain;2
2331;191;248;229;land;false;plains;5
2332;242;174;131;land;true;plains;5
2333;214;226;167;land;false;plains;2
2334;209;178;216;land;false;plains;2
2335;116;235;248;land;true;plains;5
2336;215;78;213;land;true;plains;5
2337;170;193;205;land;true;plains;5
2338;195;239;215;land;false;desert;2
2339;97;236;227;land;true;forest;2
2340;209;229;65;land;false;plains;5
2341;220;233;229;land;false;plains;5
2342;242;105;165;land;false;mountain;2
2343;205;241;239;land;false;plains;2
2344;214;253;249;land;true;hills;2
2345;208;234;158;land;false;plains;2
2346;123;142;248;land;true;plains;3
2347;240;243;124;land;false;desert;5
2348;251;178;73;land;false;plains;5
2349;225;49;239;land;false;mountain;5
2350;207;200;191;land;false;plains;3
2351;195;246;232;land;true;plains;5
2352;161;252;236;land;false;plains;5
2353;41;237;242;land;true;plains;2
2354;253;170;92;land;false;forest;2
2355;184;250;199;land;false;plains;5
2356;238;134;139;land;false;plains;5
2357;249;92;161;land;false;mountain;2
2358;161;161;243;land;true;plains;2
2359;73;214;252;land;true;hills;5
2360;194;245;229;land;false;plains;5
2361;194;116;195;land;true;plains;2
2362;238;213;243;land;true;plains;5
2363;198;161;203;land;false;plains;5
2364;241;141;127;land;false;mountain;2
2365;236;162;244;land;false;plains;2
2366;203;251;147;land;false;desert;5
2367;250;172;215;land;true;jungle;2
2368;192;163;181;land;false;plains;5
2369;206;249;239;land;false;plains;5
2370;242;69;253;land;true;plains;3
2371;90;217;247;land;true;plains;2
2372;217;61;245;land;false;plains;5
2373;241;134;190;land;false;plains;5
2374;27;229;247;land;false;plains;5
2375;216;235;205;land;true;desert;5
2376;236;205;73;land;true;plains;5
2377;152;242;229;land;false;plains;5
2378;241;104;166;land;false;plains;5
2379;226;158;204;land;false;plains;2
2380;55;214;241;land;false;plains;5
2381;186;236;169;land;false;mountain;2
2382;249;190;75;land;false;plains;5
2383;143;235;176;land;true;plains;2
2384;243;106;207;land;false;hills;2
2385;195;134;236;land;false;jungle;2
2386;119;246;194;land;false;plains;5
2387;181;194;245;land;false;hills;2
2388;234;246;85;land;false;plains;5
2389;157;204;244;land;true;plains;5
2390;251;134;184;land;false;plains;2
2391;73;232;246;land;true;plains;3
2392;246;242;35;land;true;plains;5
2393;187;168;223;land;true;urban;2
2394;215;183;135;land;false;plains;5
2395;237;163;195;land;false;plains;4
2396;137;239;153;land;false;plains;5
2397;90;202;231;land;false;forest;2
2398;201;184;149;land;false;forest;2
2399;136;240;134;land;false;plains;5
2400;155;195;161;land;false;hills;5
2401;220;212;101;land;false;plains;2
2402;203;153;148;land;false;hills;2
2403;220;162;143;land;true;desert;2
2404;163;199;253;land;false;plains;5
2405;99;245;207;land;true;plains;5
2406;235;178;219;land;true;forest;2
2407;185;228;172;land;true;desert;5
2408;197;168;165;land;false;plains;5
2409;219;180;117;land;false;plains;2
2410;181;120;240;land;true;desert;4
2411;205;183;210;land;true;plains;5
2412;218;170;229;land;false;jungle;2
2413;228;244;203;land;false;hills;2
2414;249;229;251;land;false;plains;2
2415;218;232;130;land;false;plains;5
2416;235;190;100;land;false;plains;5
2417;232;138;131;land;false;plains;5
2418;109;220;225;land;true;desert;4
2419;123;239;226;land;false;forest;2
2420;204;184;202;land;false;forest;2
2421;140;186;189;land;false;plains;2
2422;190;233;139;land;true;plains;5
2423;207;227;151;land;true;plains;5
2424;31;238;254;land;true;plains;2
2425;133;216;236;land;false;desert;5
2426;196;114;251;land;false;hills;5
2427;252;41;224;land;true;plains;3
2428;210;251;75;land;true;plains;5
2429;156;227;174;land;false;plains;5
2430;228;58;233;land;false;hills;5
2431;217;77;226;land;true;desert;4
2432;229;187;198;land;false;plains;5
2433;112;213;232;land;false;mountain;5
2434;244;215;137;land;false;desert;5
2435;216;158;153;land;true;plains;5
2436;166;126;219;land;false;forest;2
2437;180;133;189;land;true;plains;3
2438;231;143;204;land;false;plains;5
2439;236;224;181;land;false;mountain;2
2440;230;251;98;land;false;marsh;2
2441;126;187;197;land;true;plains;2
2442;182;254;122;land;false;jungle;2
2443;228;210;242;land;false;plains;2
2444;235;232;238;land;false;hills;2
2445;64;212;250;land;false;jungle;2
2446;128;170;235;land;false;hills;2
2447;110;247;158;land;false;plains;2
2448;195;246;149;land;false;mountain;2
2449;196;142;249;land;false;hills;2
2450;250;247;47;land;false;desert;5
2451;212;122;180;land;false;jungle;2
2452;247;211;238;land;false;plains;5
2453;131;253;240;land;false;plains;5
2454;213;122;239;land;true;urban;3
2455;152;246;145;land;false;plains;2
2456;208;145;215;land;true;plains;5
2457;180;240;247;land;true;plains;2
2458;243;242;206;land;false;forest;5
2459;212;237;176;land;false;desert;2
2460;189;168;212;land;true;plains;2
2461;161;252;179;land;true;plains;3
2462;152;242;196;land;false;mountain;2
2463;232;245;134;land;true;plains;5
2464;231;233;197;land;true;urban;5
2465;69;236;231;land;false;hills;2
2466;130;168;230;land;true;plains;2
2467;200;182;252;land;false;plains;5
2468;219;126;246;land;false;plains;2
2469;199;76;241;land;true;plains;5
2470;223;252;238;land;false;desert;2
2471;188;211;124;land;true;forest;2
2472;67;246;237;land;false;hills;2
2473;89;163;250;land;false;hills;2
2474;230;142;252;land;false;plains;5
2475;247;243;226;land;true;plains;2
2476;133;168;221;land;true;plains;5
2477;246;202;199;land;false;plains;2
2478;226;194;236;land;true;plains;5
2479;233;63;217;land;false;plains;5
2480;226;158;186;land;false;plains;5
2481;254;200;220;land;false;plains;5
2482;131;149;238;land;false;mountain;2
2483;232;142;158;land;false;mountain;3
2484;147;253;217;land;false;jungle;2
2485;153;235;134;land;false;forest;2
2486;165;153;203;land;false;plains;5
2487;254;123;244;land;false;plains;5
2488;228;156;138;land;false;plains;2
2489;191;182;184;land;true;plains;5
2490;203;207;188;land;false;forest;2
2491;202;196;254;land;false;forest;2
2492;221;198;95;land;false;plains;5
2493;109;208;238;land;false;plains;5
2494;115;204;252;land;false;plains;2
2495;159;188;193;land;true;plains;2
2496;247;220;196;land;false;plains;5
2497;189;121;204;land;false;plains;5
2498;241;245;66;land;false;plains;2
2499;158;172;188;land;true;hills;2
2500;213;140;170;land;false;plains;5
2501;237;167;193;land;true;plains;5
2502;213;209;251;land;false;desert;5
2503;144;217;172;land;true;plains;2
2504;142;214;206;land;true;forest;2
2505;239;56;210;land;true;plains;5
2506;108;206;221;land;true;plains;2
2507;176;211;141;land;false;plains;2
2508;114;209;223;land;false;hills;5
2509;235;81;235;land;true;plains;3
2510;200;127;184;land;false;jungle;2
2511;196;159;218;land;true;desert;5
2512;117;224;173;land;false;plains;2
2513;213;222;223;land;false;desert;4
2514;166;225;168;land;false;mountain;2
2515;231;187;205;land;true;forest;2
2516;189;127;203;land;true;forest;2
2517;188;188;167;land;false;marsh;2
2518;82;248;235;land;true;plains;5
2519;163;250;141;land;true;plains;5
2520;253;137;176;land;false;plains;2
2521;234;208;129;land;false;plains;2
2522;181;129;194;land;false;plains;5
2523;151;249;180;land;false;marsh;2
2524;174;178;198;land;false;plains;5
2525;137;178;205;land;false;forest;2
2526;174;247;181;land;true;desert;5
2527;114;204;229;land;true;jungle;2
2528;211;208;221;land;true;plains;5
2529;166;210;153;land;false;plains;5
2530;208;176;203;land;false;plains;2
2531;205;211;169;land;false;plains;5
2532;177;183;159;land;false;plains;2
2533;170;209;183;land;false;hills;2
2534;234;203;66;land;true;plains;2
2535;179;157;181;land;false;plains;5
2536;221;217;168;land;true;forest;2
2537;217;243;242;land;false;plains;2
2538;209;113;201;land;false;plains;5
2539;168;212;253;land;false;plains;5
2540;150;213;243;land;true;hills;3
2541;194;208;190;land;false;plains;2
2542;162;177;221;land;false;plains;2
2543;184;180;232;land;false;plains;5
2544;36;242;233;land;false;desert;5
2545;206;188;153;land;true;plains;5
2546;244;158;237;land;true;jungle;2
2547;213;70;254;land;false;plains;5
2548;124;242;137;land;false;forest;5
2549;218;96;236;land;false;forest;2
2550;245;224;237;land;false;plains;2
2551;196;254;91;land;false;plains;2
2552;242;123;207;land;false;hills;2
2553;213;147;162;land;false;hills;5
2554;242;247;215;land;false;desert;5
2555;235;189;78;land;false;hills;2
2556;204;177;220;land;true;desert;4
2557;198;91;247;land;true;plains;5
2558;77;223;209;land;true;plains;5
2559;162;252;230;land;false;hills;2
2560;251;39;232;land;false;plains;5
2561;235;180;141;land;true;plains;2
2562;225;217;243;land;true;plains;5
2563;223;133;164;land;false;hills;5
2564;151;251;178;land;false;plains;2
2565;210;237;202;land;false;hills;5
2566;114;188;203;land;true;plains;2
2567;197;230;223;land;false;hills;2
2568;158;225;228;land;false;plains;2
2569;219;99;192;land;true;hills;2
2570;253;194;149;land;false;desert;4
2571;176;176;183;land;true;forest;2
2572;220;154;130;land;false;plains;2
2573;254;161;88;land;false;forest;2
2574;244;193;144;land;false;plains;5
2575;134;216;190;land;true;desert;4
2576;219;164;254;land;true;plains;5
2577;150;239;247;land;false;plains;2
2578;249;199;77;land;false;plains;5
2579;247;148;135;land;false;plains;2
2580;192;222;167;land;false;hills;2
2581;162;238;216;land;false;plains;2
2582;231;200;159;land;true;desert;4
2583;196;88;254;land;false;plains;2
2584;227;144;194;land;false;plains;2
2585;166;179;183;land;true;plains;2
2586;224;128;208;land;false;mountain;2
2587;201;140;253;land;false;plains;5
2588;146;165;239;land;false;plains;2
2589;170;245;151;land;false;plains;5
2590;212;165;224;land;false;hills;2
2591;121;239;230;land;false;plains;5
2592;128;207;208;land;false;plains;5
2593;240;243;67;land;true;jungle;2
2594;191;167;193;land;false;hills;2
2595;119;143;244;land;false;plains;2
2596;225;65;240;land;false;plains;2
2597;225;251;157;land;true;plains;5
2598;215;180;153;land;false;plains;5
2599;252;81;246;land;false;plains;5
2600;225;188;98;land;false;hills;5
2601;218;80;226;land;false;hills;2
2602;246;115;240;land;false;hills;5
2603;98;189;242;land;false;forest;5
2604;159;247;154;land;true;plains;3
2605;179;169;250;land;false;plains;5
2606;117;199;238;land;false;desert;5
2607;173;164;202;land;false;plains;5
2608;149;202;248;land;false;forest;5
2609;112;222;201;land;true;plains;2
2610;241;238;32;land;false;plains;5
2611;247;194;67;land;false;jungle;2
2612;237;71;219;land;false;plains;3
2613;171;226;190;land;false;plains;2
2614;212;207;166;land;true;plains;5
2615;131;165;205;land;false;forest;5
2616;213;52;241;land;true;plains;2
2617;251;234;169;land;false;plains;5
2618;241;153;178;land;false;forest;5
2619;246;98;183;land;true;plains;3
2620;153;199;178;land;false;forest;2
2621;188;200;128;land;false;plains;2
2622;210;128;218;land;false;plains;2
2623;212;72;232;land;true;forest;2
2624;183;173;213;land;false;plains;2
2625;237;183;117;land;false;mountain;5
2626;153;223;215;land;false;plains;5
2627;250;170;95;land;false;plains;5
2628;99;217;186;land;false;plains;2
2629;173;213;186;land;false;hills;2
2630;206;156;196;land;false;hills;5
2631;237;254;191;land;false;plains;5
2632;135;145;234;land;false;plains;5
2633;178;234;245;land;false;plains;2
2634;249;168;250;land;true;plains;5
2635;156;249;246;land;false;plains;5
2636;120;171;214;land;true;plains;5
2637;117;236;233;land;false;hills;5
2638;248;178;175;land;false;plains;2
2639;237;138;143;land;true;plains;5
2640;147;213;183;land;false;mountain;3
2641;127;231;158;land;true;plains;5
2642;244;208;97;land;true;plains;5
2643;229;214;165;land;false;plains;2
2644;147;238;196;land;false;desert;5
2645;241;244;210;land;false;plains;5
2646;243;244;161;land;true;plains;5
2647;245;172;193;land;false;mountain;5
2648;112;227;246;land;true;plains;2
2649;203;76;251;land;true;plains;5
2650;250;150;247;land;false;jungle;2
2651;177;212;192;land;false;plains;2
2652;77;233;228;land;false;mountain;2
2653;248;178;79;land;false;plains;2
2654;246;209;116;land;true;desert;4
2655;143;209;227;land;false;plains;5
2656;84;191;232;land;true;plains;5
2657;146;218;230;land;false;plains;5
2658;238;151;112;land;true;plains;5
2659;164;215;220;land;false;forest;2
2660;248;50;238;land;false;hills;2
2661;248;202;220;land;true;plains;5
2662;205;137;187;land;true;plains;5
2663;231;214;138;land;false;plains;2
2664;236;191;243;land;false;hills;2
2665;152;250;103;land;false;hills;5
2666;254;133;162;land;true;plains;3
2667;204;140;229;land;true;plains;5
2668;202;180;131;land;false;plains;2
2669;249;149;103;land;true;forest;2
2670;180;189;143;land;false;desert;2
2671;139;236;245;land;false;mountain;2
2672;201;182;188;land;false;forest;2
2673;199;119;244;land;false;forest;2
2674;254;74;200;land;false;desert;5
2675;166;181;187;land;false;plains;2
2676;223;36;251;land;true;plains;2
2677;189;206;201;land;false;hills;5
2678;235;155;116;land;false;hills;5
2679;240;191;198;land;false;desert;5
2680;44;245;250;land;false;mountain;2
2681;144;254;154;land;false;plains;5
2682;238;113;189;land;false;mountain;2
2683;239;190;136;land;true;plains;2
2684;207;158;241;land;true;plains;5
2685;251;131;132;land;false;hills;2
2686;248;213;131;land;true;urban;2
2687;218;241;105;land;false;hills;2
2688;237;184;125;land;false;forest;5
2689;172;94;238;land;false;jungle;2
2690;219;239;55;land;false;plains;2
2691;174;144;225;land;false;plains;5
2692;232;193;213;land;false;forest;2
2693;176;232;190;land;false;plains;2
2694;115;226;181;land;true;desert;4
2695;215;119;249;land;true;plains;5
2696;240;168;106;land;true;jungle;2
2697;136;218;247;land;true;plains;5
2698;217;189;144;land;false;forest;2
2699;108;211;210;land;false;forest;2
2700;227;235;193;land;false;plains;5
2701;170;100;251;land;false;mountain;2
2702;180;228;186;land;false;plains;5
2703;220;169;221;land;true;plains;5
2704;212;109;197;land;false;mountain;5
2705;57;254;238;land;false;plains;2
2706;98;223;233;land;false;plains;5
2707;135;142;246;land;true;jungle;2
2708;196;152;233;land;true;plains;3
2709;135;234;217;land;false;plains;2
2710;87;196;220;land;false;plains;5
2711;87;214;249;land;false;hills;2
2712;194;229;172;land;false;hills;2
2713;195;99;220;land;true;jungle;2
2714;200;187;198;land;false;plains;5
2715;254;242;41;land;false;plains;2
2716;216;181;223;land;true;plains;5
2717;249;75;252;land;true;plains;5
2718;251;219;186;land;false;desert;2
2719;210;192;189;land;false;plains;5
2720;235;162;198;land;false;desert;5
2721;213;73;227;land;false;desert;5
2722;111;214;210;land;true;mountain;5
2723;174;236;164;land;true;plains;5
2724;242;187;79;land;false;mountain;2
2725;212;227;120;land;true;desert;4
2726;248;175;93;land;false;mountain;2
2727;182;211;117;land;true;desert;4
2728;168;231;127;land;true;plains;5
2729;48;247;239;land;true;hills;2
2730;194;141;222;land;false;plains;5
2731;207;115;197;land;false;plains;2
2732;251;65;218;land;false;plains;5
2733;109;201;192;land;true;plains;5
2734;207;212;246;land;true;desert;5
2735;201;69;238;land;true;desert;4
2736;242;55;207;land;true;urban;5
2737;158;254;128;land;false;desert;5
2738;231;142;201;land;true;plains;5
2739;235;217;227;land;false;plains;5
2740;240;180;250;land;false;forest;2
2741;235;234;32;land;false;plains;2
2742;111;221;212;land;true;forest;2
2743;235;104;237;land;false;plains;5
2744;154;155;196;land;false;forest;2
2745;226;145;183;land;true;plains;2
2746;227;147;242;land;false;plains;2
2747;207;239;77;land;true;plains;3
2748;93;206;235;land;false;forest;2
2749;207;102;207;land;false;hills;2
2750;161;212;163;land;false;jungle;2
2751;242;133;190;land;false;plains;5
2752;192;215;123;land;true;plains;5
2753;224;117;176;land;false;desert;5
2754;149;182;212;land;false;plains;2
2755;212;58;234;land;true;plains;2
2756;198;165;220;land;true;plains;5
2757;247;246;74;land;false;mountain;2
2758;243;243;120;land;false;plains;2
2759;170;137;252;land;false;plains;2
2760;217;205;180;land;false;forest;2
2761;194;225;183;land;true;desert;5
2762;181;195;242;land;false;forest;2
2763;140;186;190;land;false;plains;5
2764;227;254;178;land;false;desert;2
2765;112;182;240;land;true;plains;5
2766;232;78;207;land;false;mountain;5
2767;237;232;118;land;false;desert;5
2768;179;213;233;land;false;plains;2
2769;57;248;233;land;true;plains;5
2770;212;202;135;land;false;desert;5
2771;165;232;252;land;false;plains;5
2772;206;150;166;land;false;forest;2
2773;241;193;183;land;false;plains;5
2774;153;206;147;land;false;forest;2
2775;171;123;219;land;false;hills;2
2776;227;64;212;land;false;jungle;2
2777;232;174;153;land;true;forest;2
2778;248;218;121;land;false;plains;2
2779;136;227;202;land;true;desert;4
2780;218;162;147;land;true;jungle;2
2781;207;221;241;land;false;plains;5
2782;251;143;141;land;false;plains;5
2783;149;249;154;land;false;mountain;2
2784;129;197;238;land;false;desert;5
2785;210;232;102;land;true;hills;2
2786;179;173;203;land;false;hills;5
2787;60;243;216;land;true;jungle;2
2788;228;105;173;land;false;hills;2
2789;206;209;135;land;false;forest;2
2790;240;36;225;land;false;hills;2
2791;163;228;120;land;true;plains;5
2792;224;181;252;land;true;mountain;5
2793;89;241;217;land;false;mountain;2
2794;88;251;165;land;false;mountain;2
2795;221;223;82;land;true;urban;2
2796;69;178;254;land;true;plains;4
2797;192;254;93;land;false;desert;5
2798;111;181;213;land;true;plains;4
2799;174;214;199;land;true;plains;5
2800;171;160;254;land;false;forest;2
2801;192;243;67;land;false;plains;5
2802;222;181;217;land;false;plains;2
2803;245;238;102;land;false;hills;2
2804;120;232;227;land;false;plains;5
2805;188;249;244;land;true;plains;2
2806;221;204;89;land;false;hills;2
2807;191;145;188;land;false;plains;5
2808;195;237;146;land;true;plains;2
2809;213;206;179;land;false;plains;5
2810;230;240;129;land;false;forest;2
2811;104;241;209;land;false;hills;5
2812;73;211;220;land;false;plains;5
2813;147;173;224;land;false;plains;2
2814;135;241;209;land;true;plains;5
2815;190;211;225;land;false;plains;5
2816;211;129;215;land;false;plains;5
2817;125;249;145;land;false;plains;5
2818;163;210;201;land;false;plains;5
2819;200;168;223;land;true;plains;2
2820;120;251;154;land;false;jungle;2
2821;232;107;173;land;true;plains;5
2822;206;161;172;land;true;mountain;5
2823;180;149;182;land;true;plains;5
2824;163;179;201;land;false;plains;5
2825;232;95;211;land;false;plains;5
2826;161;221;151;land;false;plains;2
2827;223;235;203;land;false;plains;5
2828;193;150;177;land;true;plains;2
2829;206;171;197;land;false;plains;5
2830;218;145;188;land;true;plains;5
2831;186;176;224;land;false;marsh;2
2832;128;209;207;land;false;plains;5
2833;242;154;105;land;false;plains;5
2834;251;245;37;land;false;forest;2
2835;166;222;166;land;false;desert;2
2836;224;178;187;land;false;mountain;5
2837;157;221;145;land;false;plains;2
2838;222;181;223;land;false;plains;5
2839;156;182;253;land;false;plains;5
2840;202;153;198;land;false;plains;5
2841;89;209;223;land;false;plains;5
2842;127;254;229;land;false;plains;2
2843;68;226;234;land;false;hills;2
2844;243;134;168;land;true;plains;2
2845;218;180;243;land;true;plains;2
2846;167;215;132;land;false;plains;2
2847;232;181;200;land;false;plains;2
2848;204;111;204;land;false;plains;2
2849;204;176;216;land;false;mountain;5
2850;170;196;198;land;false;forest;2
2851;200;212;243;land;false;plains;5
2852;185;219;254;land;false;hills;2
2853;191;234;206;land;false;hills;2
2854;142;248;151;land;true;plains;5
2855;186;230;100;land;false;plains;5
2856;240;239;52;land;false;forest;2
2857;246;210;183;land;true;plains;5
2858;114;207;204;land;false;plains;2
2859;225;112;177;land;true;forest;2
2860;205;159;251;land;false;plains;2
2861;228;124;218;land;true;plains;5
2862;225;110;218;land;true;plains;5
2863;211;212;94;land;false;plains;5
2864;42;236;253;land;false;mountain;5
2865;150;202;207;land;true;plains;5
2866;207;133;226;land;false;plains;5
2867;151;248;219;land;false;hills;5
2868;190;130;233;land;false;plains;5
2869;186;204;207;land;false;plains;2
2870;62;200;249;land;false;hills;2
2871;120;242;201;land;false;hills;5
2872;238;148;125;land;false;hills;5
2873;235;231;164;land;false;forest;2
2874;246;130;131;land;false;mountain;2
2875;223;200;127;land;false;plains;2
2876;70;221;235;land;false;plains;2
2877;226;251;128;land;true;plains;5
2878;232;246;118;land;false;plains;2
2879;228;210;222;land;false;plains;2
2880;103;245;175;land;false;plains;5
2881;232;151;148;land;false;plains;5
2882;231;208;249;land;false;hills;2
2883;237;230;117;land;false;forest;2
2884;116;254;159;land;false;plains;5
2885;144;190;202;land;true;forest;2
2886;196;104;227;land;false;hills;2
2887;252;91;201;land;false;plains;2
2888;178;221;133;land;true;plains;5
2889;198;212;132;land;true;plains;5
2890;212;122;209;land;true;plains;5
2891;217;210;140;land;true;plains;5
2892;108;181;212;land;true;plains;4
2893;251;141;233;land;true;jungle;2
2894;167;231;220;land;false;forest;2
2895;154;115;245;land;false;desert;2
2896;108;229;207;land;true;forest;2
2897;206;205;114;land;false;desert;5
2898;247;210;212;land;false;plains;5
2899;239;251;28;land;false;plains;2
2900;220;137;165;land;true;plains;5
2901;247;200;164;land;true;plains;5
2902;192;118;237;land;false;mountain;2
2903;249;238;21;land;true;mountain;2
2904;160;234;184;land;false;plains;5
2905;245;187;224;land;false;plains;5
2906;118;201;199;land;true;plains;5
2907;232;176;233;land;true;plains;4
2908;249;222;179;land;false;hills;5
2909;112;230;213;land;false;hills;2
2910;241;123;144;land;true;plains;2
2911;211;157;233;land;false;plains;2
2912;126;156;251;land;true;urban;2
2913;153;222;222;land;false;jungle;2
2914;227;114;207;land;false;plains;5
2915;253;89;171;land;false;plains;2
2916;228;241;170;land;false;plains;5
2917;157;230;120;land;false;hills;2
2918;67;194;248;land;false;forest;5
2919;217;199;143;land;true;urban;2
2920;138;145;238;land;false;plains;2
2921;164;226;205;land;false;plains;2
2922;230;194;212;land;false;hills;5
2923;77;252;201;land;false;plains;5
2924;227;107;234;land;false;hills;2
2925;213;105;220;land;false;plains;5
2926;236;178;152;land;true;hills;2
2927;217;174;155;land;false;desert;5
2928;227;197;214;land;false;desert;5
2929;142;116;245;land;false;plains;5
2930;220;150;131;land;false;forest;2
2931;242;148;153;land;false;plains;5
2932;247;190;95;land;true;marsh;2
2933;135;163;250;land;false;plains;5
2934;138;163;220;land;false;plains;5
2935;69;232;211;land;false;plains;2
2936;248;148;167;land;false;hills;5
2937;212;206;94;land;false;plains;2
2938;180;118;250;land;false;mountain;2
2939;188;131;233;land;false;plains;5
2940;134;197;229;land;false;plains;5
2941;75;243;235;land;false;forest;2
2942;97;220;219;land;true;plains;5
2943;138;219;200;land;false;plains;5
2944;149;190;241;land;false;plains;2
2945;157;238;116;land;true;plains;2
2946;222;201;128;land;false;plains;5
2947;235;194;186;land;true;plains;5
2948;179;100;238;land;false;desert;5
2949;183;241;106;land;true;plains;5
2950;248;54;200;land;false;plains;5
2951;165;228;160;land;false;desert;5
2952;172;154;187;land;false;plains;5
2953;247;229;132;land;true;plains;2
2954;206;238;214;land;true;plains;5
2955;70;250;204;land;true;plains;2
2956;238;61;241;land;false;forest;5
2957;248;183;129;land;true;forest;2
2958;251;178;88;land;false;plains;5
2959;237;171;118;land;false;plains;5
2960;246;140;221;land;true;urban;2
2961;248;221;242;land;false;plains;5
2962;90;227;213;land;false;hills;2
2963;189;169;167;land;true;plains;5
2964;175;208;190;land;false;plains;2
2965;185;127;247;land;false;forest;2
2966;63;231;239;land;false;desert;4
2967;174;234;124;land;false;forest;2
2968;245;188;119;land;true;plains;5
2969;181;190;140;land;false;hills;2
2970;230;125;237;land;false;plains;5
2971;123;253;184;land;true;plains;4
2972;228;245;251;land;true;forest;2
2973;231;207;104;land;false;plains;5
2974;193;174;213;land;false;plains;5
2975;216;169;171;land;true;plains;2
2976;254;237;70;land;false;plains;2
2977;195;217;139;land;true;plains;5
2978;188;181;214;land;false;forest;2
2979;245;244;60;land;false;jungle;2
2980;252;159;181;land;false;mountain;2
2981;100;247;190;land;true;mountain;5
2982;121;232;253;land;true;plains;5
2983;139;214;252;land;false;hills;5
2984;237;132;142;land;false;desert;5
2985;252;86;214;land;true;plains;3
2986;58;232;248;land;false;desert;5
2987;228;46;254;land;false;jungle;2
2988;187;223;202;land;false;plains;5
2989;229;188;203;land;false;plains;5
2990;54;229;247;land;true;mountain;5
2991;169;194;188;land;true;plains;5
2992;238;76;210;land;true;desert;5
2993;195;240;196;land;false;plains;5
2994;253;205;47;land;false;plains;2
2995;161;165;231;land;false;plains;5
2996;148;165;189;land;true;plains;5
2997;225;86;209;land;true;plains;2
2998;191;148;245;land;true;plains;5
2999;171;110;249;land;false;plains;2
3000;251;239;135;land;false;plains;5
3001;131;229;219;land;false;plains;5
3002;167;119;250;land;true;plains;4
3003;240;142;151;land;false;plains;5
3004;209;235;204;land;false;plains;2
3005;189;214;161;land;false;forest;2
3006;180;205;157;land;false;mountain;2
3007;165;199;253;land;false;forest;5
3008;37;213;253;land;false;plains;5
3009;82;228;232;land;false;jungle;2
3010;187;176;156;land;false;hills;2
3011;241;182;221;land;false;marsh;2
3012;216;250;198;land;true;plains;4
3013;199;181;235;land;false;plains;5
3014;150;122;238;land;false;plains;5
3015;247;115;166;land;true;hills;5
3016;195;207;124;land;true;plains;3
3017;241;226;179;land;false;desert;5
3018;235;150;127;land;true;forest;2
3019;160;165;226;land;false;plains;5
3020;175;244;214;land;false;forest;2
3021;230;152;179;land;false;plains;5
3022;251;185;159;land;false;plains;5
3023;174;241;220;land;false;plains;5
3024;244;126;186;land;false;plains;2
3025;188;189;150;land;false;desert;5
3026;213;220;84;land;true;plains;5
3027;119;236;206;land;false;forest;2
3028;132;152;251;land;true;plains;2
3029;92;224;202;land;false;plains;5
3030;254;207;148;land;true;plains;5
3031;241;57;249;land;true;plains;2
3032;188;159;180;land;false;plains;5
3033;243;69;190;land;false;mountain;2
3034;236;209;89;land;true;jungle;2
3035;234;227;145;land;false;plains;5
3036;182;222;100;land;true;plains;2
3037;161;214;170;land;false;mountain;5
3038;210;120;190;land;false;plains;5
3039;217;235;77;land;false;hills;2
3040;206;221;101;land;false;desert;5
3041;226;201;210;land;false;hills;5
3042;220;195;99;land;false;plains;2
3043;226;245;189;land;false;desert;5
3044;241;134;160;land;false;plains;5
3045;79;216;254;land;true;plains;5
3046;197;187;235;land;false;mountain;5
3047;239;234;144;land;true;plains;2
3048;168;147;246;land;false;desert;5
3049;219;185;180;land;false;hills;5
3050;240;114;157;land;true;plains;5
3051;251;45;253;land;false;desert;5
3052;222;184;242;land;false;forest;2
3053;121;225;159;land;false;plains;5
3054;246;200;104;land;true;plains;5
3055;93;196;251;land;true;plains;5
3056;215;213;179;land;false;plains;5
3057;123;219;187;land;false;forest;5
3058;252;251;162;land;true;plains;5
3059;100;155;251;land;false;plains;5
3060;201;121;220;land;true;plains;2
3061;224;236;89;land;false;mountain;2
3062;176;237;100;land;false;mountain;5
3063;242;219;121;land;false;forest;2
3064;189;213;184;land;false;plains;5
3065;250;197;167;land;false;hills;5
3066;245;243;171;land;false;plains;5
3067;134;244;249;land;false;plains;5
3068;139;231;176;land;false;plains;5
3069;154;251;118;land;false;jungle;2
3070;154;149;222;land;false;forest;2
3071;250;103;149;land;true;desert;5
3072;145;249;125;land;false;plains;2
3073;18;248;235;land;false;forest;5
3074;143;194;191;land;true;plains;2
3075;199;180;200;land;true;plains;5
3076;189;115;245;land;false;desert;5
3077;166;129;239;land;true;plains;5
3078;171;207;216;land;false;desert;5
3079;79;231;254;land;false;forest;2
3080;191;253;214;land;false;mountain;2
3081;253;201;201;land;false;forest;2
3082;244;235;97;land;true;jungle;2
3083;130;207;202;land;true;plains;5
3084;174;169;195;land;false;plains;2
3085;218;230;126;land;false;plains;2
3086;246;184;171;land;false;plains;2
3087;223;248;46;land;false;desert;5
3088;189;136;194;land;true;plains;5
3089;227;201;184;land;true;desert;4
3090;204;193;136;land;false;mountain;2
3091;224;119;164;land;false;plains;5
3092;212;147;148;land;false;desert;5
3093;196;153;187;land;false;jungle;2
3094;211;141;195;land;false;mountain;2
3095;202;139;247;land;false;plains;5
3096;191;155;168;land;false;plains;5
3097;243;253;189;land;true;plains;2
3098;232;105;242;land;false;plains;2
3099;215;128;231;land;false;plains;2
3100;174;203;224;land;false;hills;2
3101;105;201;233;land;false;plains;2
3102;226;167;192;land;false;plains;2
3103;245;85;196;land;false;mountain;2
3104;221;127;199;land;true;forest;2
3105;179;250;83;land;false;hills;5
3106;229;202;122;land;false;mountain;2
3107;222;178;179;land;false;hills;5
3108;219;138;239;land;false;hills;2
3109;112;253;252;land;false;plains;2
3110;202;126;174;land;false;mountain;2
3111;225;196;193;land;false;forest;2
3112;162;203;164;land;true;desert;4
3113;209;50;251;land;false;plains;2
3114;103;241;228;land;true;plains;4
3115;161;189;202;land;true;forest;2
3116;211;199;150;land;false;mountain;5
3117;247;236;170;land;false;mountain;2
3118;218;253;155;land;true;plains;5
3119;234;234;153;land;false;plains;5
3120;232;189;225;land;false;desert;5
3121;171;221;152;land;false;plains;5
3122;200;184;120;land;false;plains;3
3123;214;194;116;land;true;plains;5
3124;218;134;227;land;false;hills;2
3125;233;57;234;land;false;plains;2
3126;155;248;179;land;true;plains;5
3127;239;225;148;land;true;desert;4
3128;75;198;232;land;false;plains;5
3129;232;224;171;land;false;desert;5
3130;228;182;92;land;false;plains;5
3131;173;207;186;land;false;plains;5
3132;211;212;241;land;false;plains;5
3133;238;220;218;land;false;plains;2
3134;227;164;115;land;false;desert;2
3135;216;210;195;land;true;mountain;5
3136;153;204;189;land;false;desert;5
3137;207;89;211;land;false;forest;2
3138;124;252;188;land;false;forest;2
3139;213;160;213;land;false;forest;2
3140;222;122;166;land;false;mountain;2
3141;112;167;222;land;true;plains;5
3142;113;161;236;land;false;mountain;2
3143;215;133;223;land;false;plains;2
3144;114;229;186;land;false;hills;2
3145;247;80;229;land;true;plains;5
3146;114;234;243;land;false;plains;5
3147;179;205;244;land;false;plains;5
3148;225;218;222;land;false;plains;5
3149;132;209;173;land;true;plains;2
3150;213;249;244;land;false;plains;5
3151;79;230;212;land;false;plains;2
3152;212;209;207;land;false;desert;4
3153;226;169;118;land;false;plains;2
3154;162;175;243;land;false;forest;2
3155;107;190;210;land;true;plains;3
3156;78;205;248;land;true;desert;5
3157;226;195;172;land;false;mountain;5
3158;76;245;216;land;false;forest;5
3159;222;62;238;land;false;hills;2
3160;36;239;230;land;false;plains;5
3161;133;206;207;land;false;plains;5
3162;221;141;139;land;true;plains;2
3163;237;79;199;land;false;hills;2
3164;154;127;231;land;false;mountain;5
3165;60;240;203;land;false;plains;5
3166;212;82;235;land;false;plains;2
3167;114;193;207;land;true;plains;5
3168;205;193;104;land;false;desert;2
3169;132;221;239;land;true;plains;2
3170;209;106;216;land;false;hills;2
3171;166;228;184;land;false;plains;5
3172;73;231;253;land;false;hills;2
3173;240;147;215;land;false;plains;5
3174;249;81;200;land;false;plains;2
3175;132;196;240;land;false;mountain;5
3176;161;128;241;land;false;plains;5
3177;190;236;127;land;false;plains;2
3178;235;189;80;land;false;desert;2
3179;167;122;234;land;true;plains;2
3180;120;251;186;land;false;plains;2
3181;239;135;131;land;true;plains;5
3182;250;111;241;land;false;plains;3
3183;235;249;103;land;false;plains;5
3184;100;244;191;land;false;plains;5
3185;208;221;235;land;false;hills;2
3186;172;250;156;land;false;mountain;2
3187;66;247;197;land;true;plains;5
3188;242;114;223;land;false;plains;5
3189;122;219;239;land;true;plains;5
3190;212;250;231;land;false;mountain;2
3191;225;87;221;land;false;plains;2
3192;193;168;247;land;false;plains;5
3193;208;163;187;land;true;plains;2
3194;135;252;151;land;false;plains;5
3195;191;249;128;land;true;plains;4
3196;145;182;254;land;false;plains;3
3197;123;191;192;land;false;forest;2
3198;219;158;211;land;true;plains;5
3199;165;199;216;land;false;plains;2
3200;213;251;235;land;false;plains;2
3201;179;237;101;land;false;desert;2
3202;165;163;193;land;false;plains;5
3203;139;219;175;land;false;hills;5
3204;143;238;122;land;false;plains;5
3205;198;248;192;land;true;plains;5
3206;194;155;204;land;false;plains;5
3207;105;183;216;land;false;jungle;2
3208;247;243;167;land;false;plains;2
3209;199;187;144;land;false;plains;2
3210;237;208;106;land;false;plains;2
3211;237;165;145;land;false;forest;2
3212;92;203;217;land;true;hills;2
3213;173;220;108;land;false;plains;2
3214;197;174;153;land;false;plains;2
3215;139;169;252;land;false;plains;5
3216;244;92;201;land;false;forest;2
3217;164;230;214;land;false;mountain;2
3218;216;219;186;land;false;forest;2
3219;225;186;133;land;false;plains;5
3220;213;238;137;land;false;desert;5
3221;225;168;176;land;false;plains;2
3222;252;184;253;land;false;plains;5
3223;164;136;230;land;false;plains;5
3224;250;109;161;land;false;jungle;2
3225;192;155;173;land;false;plains;2
3226;200;187;162;land;true;urban;2
3227;204;187;252;land;false;plains;5
3228;238;174;229;land;false;plains;5
3229;234;188;88;land;false;desert;2
3230;210;236;145;land;true;mountain;5
3231;156;222;138;land;true;plains;5
3232;226;152;133;land;false;jungle;2
3233;234;136;163;land;false;plains;2
3234;196;243;73;land;false;plains;5
3235;171;164;219;land;false;plains;5
3236;196;239;214;land;false;plains;2
3237;84;191;250;land;false;hills;2
3238;225;243;123;land;false;plains;2
3239;251;70;229;land;false;plains;5
3240;204;233;133;land;false;forest;2
3241;155;170;254;land;false;plains;2
3242;185;170;237;land;true;plains;5
3243;49;254;233;land;false;mountain;2
3244;174;196;212;land;true;plains;5
3245;241;224;180;land;false;plains;2
3246;247;72;198;land;true;plains;5
3247;222;172;129;land;false;jungle;2
3248;202;210;244;land;true;plains;5
3249;166;251;198;land;true;plains;5
3250;215;131;250;land;false;plains;2
3251;222;49;244;land;false;plains;5
3252;232;72;242;land;true;plains;2
3253;121;254;142;land;false;plains;5
3254;124;222;190;land;true;plains;2
3255;145;214;241;land;false;plains;2
3256;222;147;155;land;false;jungle;2
3257;65;226;252;land;false;plains;5
3258;190;168;157;land;false;hills;2
3259;234;134;239;land;false;forest;2
3260;79;254;229;land;false;hills;2
3261;222;89;224;land;false;hills;5
3262;236;228;128;land;false;mountain;2
3263;239;63;247;land;false;plains;5
3264;188;220;189;land;false;plains;5
3265;107;176;228;land;true;plains;2
3266;140;131;239;land;true;plains;2
3267;254;243;153;land;false;jungle;2
3268;200;233;200;land;true;plains;5
3269;246;236;181;land;false;plains;2
3270;62;212;238;land;true;plains;5
3271;253;245;166;land;false;hills;2
3272;47;225;240;land;false;desert;5
3273;181;108;225;land;false;plains;5
3274;191;209;118;land;false;plains;5
3275;91;242;230;land;false;plains;2
3276;144;166;223;land;true;plains;5
3277;126;145;244;land;false;plains;2
3278;207;166;184;land;true;urban;5
3279;250;175;221;land;false;forest;5
3280;249;52;217;land;true;hills;2
3281;138;238;237;land;false;plains;5
3282;184;97;241;land;false;plains;2
3283;174;213;179;land;true;plains;3
3284;178;242;86;land;true;urban;5
3285;219;155;204;land;false;plains;5
3286;63;254;211;land;true;plains;2
3287;195;207;171;land;false;hills;5
3288;210;174;235;land;false;forest;2
3289;156;217;186;land;true;plains;5
3290;221;224;176;land;false;forest;2
3291;209;122;233;land;false;plains;2
3292;156;249;178;land;false;plains;5
3293;51;237;222;land;false;plains;5
3294;224;90;197;land;true;hills;5
3295;197;135;211;land;false;urban;2
3296;251;124;153;land;true;plains;5
3297;126;215;206;land;false;mountain;2
3298;228;202;174;land;true;desert;5
3299;232;162;147;land;true;plains;5
3300;199;208;104;land;false;plains;2
3301;241;243;223;land;true;plains;5
3302;200;212;173;land;false;plains;5
3303;71;194;249;land;false;plains;2
3304;213;243;102;land;false;jungle;2
3305;191;249;244;land;false;forest;2
3306;144;152;213;land;false;plains;2
3307;201;245;212;land;false;hills;2
3308;68;225;233;land;false;hills;2
3309;225;217;135;land;false;hills;5
3310;143;162;202;land;true;plains;5
3311;128;184;249;land;false;plains;2
3312;191;226;108;land;true;plains;2
3313;167;208;179;land;false;hills;2
3314;113;224;224;land;true;mountain;5
3315;120;247;193;land;false;plains;5
3316;85;250;211;land;false;plains;5
3317;207;179;126;land;false;desert;5
3318;215;204;213;land;false;plains;5
3319;208;138;180;land;false;plains;5
3320;186;246;215;land;false;plains;2
3321;253;80;213;land;true;mountain;5
3322;153;158;220;land;true;desert;4
3323;247;115;246;land;false;jungle;2
3324;203;223;147;land;false;hills;2
3325;75;237;189;land;false;mountain;2
3326;244;176;150;land;true;plains;5
3327;221;177;196;land;false;hills;5
3328;251;170;219;land;false;plains;5
3329;233;137;196;land;false;hills;2
3330;197;233;173;land;true;desert;4
3331;223;184;133;land;false;hills;2
3332;125;221;220;land;false;mountain;2
3333;206;86;209;land;true;plains;2
3334;199;195;141;land;true;plains;3
3335;229;231;121;land;true;plains;2
3336;175;161;237;land;true;unknown;1
3337;134;154;249;land;true;plains;2
3338;248;103;239;land;true;plains;3
3339;233;242;51;land;false;plains;2
3340;219;244;60;land;true;plains;3
3341;127;199;243;land;true;plains;2
3342;224;41;241;land;false;plains;3
3343;238;101;210;land;false;plains;2
3344;169;205;139;land;true;plains;3
3345;139;234;136;land;true;plains;2
3346;216;172;137;land;true;hills;3
3347;208;106;201;land;true;plains;2
3348;81;237;234;land;true;plains;3
3349;227;217;158;land;false;plains;3
3350;147;214;211;land;true;plains;2
3351;170;221;254;land;true;plains;5
3352;218;243;204;land;true;plains;3
3353;182;148;205;land;true;plains;2
3354;138;148;239;land;false;mountain;3
3355;229;198;146;land;true;plains;2
3356;170;130;237;land;false;plains;3
3357;94;171;247;land;true;plains;3
3358;127;242;159;land;true;plains;2
3359;224;240;145;land;false;plains;2
3360;210;209;250;land;false;mountain;2
3361;233;251;138;land;true;plains;2
3362;115;220;203;land;false;plains;3
3363;195;180;173;land;true;plains;2
3364;198;168;142;land;false;mountain;3
3365;247;210;174;land;false;plains;3
3366;210;204;181;land;false;hills;3
3367;88;232;208;land;true;plains;2
3368;227;168;177;land;false;plains;2
3369;219;191;206;land;false;plains;2
3370;167;170;216;land;false;plains;2
3371;205;224;104;land;true;plains;5
3372;134;210;227;land;false;plains;2
3373;219;157;228;land;false;plains;2
3374;183;234;87;land;false;mountain;3
3375;234;197;174;land;true;plains;2
3376;233;157;128;land;false;plains;3
3377;220;139;169;land;true;plains;3
3378;153;249;245;land;true;plains;2
3379;142;165;223;land;false;plains;3
3380;243;231;209;land;true;plains;2
3381;89;213;247;land;false;plains;3
3382;208;73;249;land;false;plains;2
3383;138;215;210;land;false;plains;2
3384;154;232;166;land;false;plains;2
3385;201;254;47;land;false;mountain;2
3386;111;216;218;land;true;plains;3
3387;198;219;214;land;false;plains;3
3388;252;130;236;land;false;mountain;2
3389;106;177;252;land;false;plains;3
3390;103;243;173;land;true;plains;2
3391;173;151;208;land;false;hills;2
3392;87;218;242;land;false;plains;2
3393;218;241;142;land;false;forest;2
3394;239;240;27;land;false;forest;2
3395;130;251;211;land;false;plains;2
3396;203;168;175;land;false;plains;2
3397;225;186;118;land;true;plains;3
3398;226;150;199;land;false;plains;3
3399;223;145;160;land;false;forest;2
3400;201;128;236;land;true;plains;3
3401;123;206;178;land;false;plains;2
3402;213;134;221;land;true;plains;2
3403;248;199;204;land;true;plains;2
3404;186;208;171;land;false;plains;3
3405;227;235;83;land;false;plains;2
3406;181;231;111;land;false;plains;2
3407;251;188;142;land;true;plains;2
3408;151;246;252;land;false;forest;2
3409;216;105;208;land;true;plains;2
3410;180;241;170;land;true;plains;3
3411;252;248;84;land;false;plains;3
3412;185;150;227;land;true;plains;3
3413;206;157;212;land;true;plains;3
3414;179;204;175;land;true;plains;3
3415;188;121;194;land;false;urban;3
3416;220;102;199;land;true;forest;2
3417;237;131;169;land;false;plains;2
3418;187;112;222;land;false;plains;2
3419;175;178;195;land;false;forest;2
3420;228;173;204;land;true;plains;2
3421;220;119;233;land;false;plains;2
3422;170;213;203;land;false;plains;2
3423;148;148;252;land;true;plains;3
3424;197;254;129;land;false;forest;2
3425;166;199;154;land;false;plains;3
3426;139;162;238;land;true;plains;3
3427;213;125;180;land;false;plains;2
3428;244;225;38;land;false;forest;2
3429;238;101;199;land;false;plains;3
3430;49;240;250;land;false;forest;2
3431;214;175;248;land;false;plains;3
3432;111;247;177;land;true;plains;2
3433;251;67;193;land;true;plains;2
3434;234;198;227;land;true;plains;3
3435;179;241;164;land;false;plains;2
3436;185;120;226;land;false;plains;2
3437;254;202;69;land;true;plains;3
3438;230;193;203;land;true;plains;2
3439;175;237;251;land;true;plains;2
3440;225;119;187;land;true;plains;2
3441;176;224;112;land;true;plains;2
3442;146;179;176;land;false;plains;2
3443;117;158;244;land;false;forest;2
3444;172;248;101;land;false;plains;3
3445;158;216;215;land;false;forest;2
3446;159;206;224;land;true;forest;2
3447;240;101;199;land;false;forest;2
3448;252;130;222;land;false;plains;2
3449;191;208;233;land;true;plains;2
3450;227;42;246;land;true;plains;5
3451;211;198;154;land;false;plains;2
3452;243;226;228;land;false;forest;2
3453;251;247;100;land;false;forest;2
3454;207;243;216;land;false;forest;2
3455;145;218;241;land;false;plains;3
3456;240;109;168;land;true;plains;3
3457;143;210;162;land;false;forest;2
3458;160;217;145;land;false;forest;2
3459;180;211;237;land;false;forest;2
3460;214;252;170;land;false;plains;3
3461;148;174;241;land;false;plains;3
3462;226;250;56;land;false;forest;2
3463;248;186;67;land;false;plains;2
3464;84;203;251;land;false;plains;2
3465;188;147;229;land;true;plains;3
3466;244;134;168;land;true;plains;5
3467;241;188;104;land;true;plains;2
3468;220;204;173;land;false;plains;3
3469;128;199;226;land;false;forest;2
3470;226;212;203;land;false;forest;2
3471;249;231;231;land;true;plains;5
3472;228;201;220;land;true;plains;5
3473;229;170;243;land;true;forest;2
3474;105;193;216;land;false;forest;2
3475;113;249;210;land;false;forest;2
3476;241;147;164;land;true;plains;3
3477;212;112;198;land;true;plains;5
3478;56;248;220;land;false;forest;2
3479;233;188;228;land;true;urban;2
3480;179;249;84;land;false;forest;2
3481;186;214;151;land;true;plains;2
3482;145;242;146;land;false;forest;2
3483;226;205;172;land;true;plains;3
3484;134;187;209;land;true;plains;2
3485;247;196;119;land;false;forest;2
3486;227;202;94;land;false;plains;2
3487;158;236;250;land;false;plains;2
3488;170;201;217;land;true;plains;5
3489;155;232;225;land;true;plains;2
3490;251;141;232;land;true;plains;5
3491;163;239;234;land;false;forest;2
3492;162;238;177;land;false;forest;2
3493;199;175;239;land;false;forest;2
3494;77;227;246;land;false;forest;2
3495;242;238;114;land;true;plains;2
3496;231;180;176;land;true;plains;3
3497;207;208;157;land;false;forest;2
3498;243;148;142;land;true;forest;2
3499;142;246;163;land;false;plains;3
3500;214;129;190;land;true;plains;3
3501;197;250;76;land;true;plains;5
3502;100;214;187;land;false;plains;2
3503;230;160;250;land;false;plains;3
3504;245;187;106;land;false;plains;2
3505;246;150;254;land;false;forest;2
3506;109;164;236;land;false;plains;3
3507;227;91;240;land;true;plains;3
3508;221;104;254;land;true;plains;2
3509;251;108;207;land;true;plains;5
3510;242;162;116;land;false;forest;2
3511;117;170;245;land;true;forest;2
3512;112;226;240;land;true;plains;2
3513;186;87;240;land;true;plains;2
3514;205;148;228;land;true;forest;2
3515;137;225;176;land;false;forest;2
3516;121;238;172;land;false;forest;2
3517;168;176;213;land;false;forest;2
3518;159;165;201;land;true;plains;3
3519;154;247;187;land;true;plains;2
3520;192;205;113;land;true;plains;2
3521;201;93;247;land;false;forest;2
3522;148;238;243;land;true;plains;3
3523;110;254;176;land;false;urban;3
3524;240;213;201;land;false;forest;2
3525;160;168;231;land;false;plains;3
3526;126;232;215;land;false;forest;2
3527;195;147;209;land;false;plains;3
3528;150;252;103;land;false;plains;2
3529;105;164;245;land;false;plains;2
3530;191;198;156;land;true;plains;3
3531;214;195;107;land;true;plains;5
3532;204;173;181;land;false;plains;2
3533;173;134;200;land;false;forest;2
3534;225;240;146;land;true;plains;3
3535;184;225;180;land;false;forest;2
3536;234;176;126;land;false;forest;2
3537;201;217;142;land;true;plains;5
3538;218;138;196;land;false;forest;2
3539;226;232;164;land;false;plains;2
3540;251;193;241;land;false;plains;2
3541;64;251;231;land;true;plains;2
3542;53;228;236;land;true;plains;2
3543;172;134;225;land;true;plains;2
3544;251;83;187;land;true;plains;5
3545;140;238;237;land;true;plains;5
3546;128;205;172;land;false;forest;2
3547;183;93;227;land;false;forest;2
3548;175;244;110;land;true;plains;2
3549;125;214;177;land;false;forest;2
3550;214;175;185;land;true;plains;5
3551;237;44;228;land;true;plains;3
3552;178;160;194;land;true;mountain;5
3553;198;188;144;land;true;plains;3
3554;216;103;210;land;true;urban;5
3555;138;184;249;land;true;plains;5
3556;142;208;236;land;true;forest;2
3557;153;224;199;land;false;plains;5
3558;208;196;171;land;true;plains;3
3559;253;224;194;land;false;plains;5
3560;238;225;151;land;true;plains;5
3561;249;113;247;land;false;forest;2
3562;70;227;247;land;false;plains;2
3563;233;172;184;land;true;plains;2
3564;249;208;141;land;false;forest;2
3565;216;227;231;land;false;plains;2
3566;138;218;177;land;true;plains;3
3567;141;189;231;land;false;plains;5
3568;213;144;177;land;false;forest;2
3569;196;185;199;land;false;plains;5
3570;103;228;192;land;true;plains;3
3571;179;169;227;land;false;plains;2
3572;243;152;152;land;true;plains;5
3573;92;198;233;land;false;forest;2
3574;199;218;229;land;true;plains;2
3575;169;252;142;land;true;plains;2
3576;233;69;224;land;true;urban;2
3577;191;230;112;land;false;plains;5
3578;250;168;174;land;false;plains;2
3579;221;61;242;land;true;plains;2
3580;212;216;187;land;false;forest;2
3581;230;202;202;land;false;forest;2
3582;250;121;254;land;false;plains;5
3583;249;254;143;land;false;plains;2
3584;241;231;171;land;true;plains;3
3585;218;224;142;land;true;plains;2
3586;235;205;207;land;false;plains;5
3587;215;141;239;land;false;forest;2
3588;177;231;245;land;false;forest;2
3589;194;210;155;land;false;hills;5
3590;144;221;218;land;true;plains;2
3591;137;238;169;land;true;plains;5
3592;188;156;170;land;false;plains;5
3593;199;224;191;land;false;hills;5
3594;214;181;225;land;false;plains;5
3595;162;218;181;land;true;plains;2
3596;149;206;222;land;false;forest;2
3597;251;227;231;land;false;marsh;2
3598;250;243;20;land;true;plains;2
3599;155;243;211;land;true;plains;2
3600;253;171;85;land;true;plains;3
3601;141;244;144;land;false;plains;5
3602;225;97;213;land;false;forest;2
3603;178;97;232;land;false;plains;5
3604;176;194;138;land;false;plains;5
3605;243;202;130;land;false;plains;5
3606;69;189;248;land;false;forest;2
3607;243;243;126;land;false;plains;2
3608;253;234;170;land;false;forest;2
3609;229;167;249;land;false;marsh;2
3610;250;205;190;land;false;hills;5
3611;118;171;212;land;false;forest;2
3612;220;116;253;land;true;plains;2
3613;188;79;249;land;false;forest;2
3614;198;171;214;land;false;plains;5
3615;128;155;245;land;false;plains;2
3616;92;200;223;land;false;forest;2
3617;115;189;225;land;false;plains;5
3618;214;247;203;land;false;plains;5
3619;149;106;253;land;false;forest;2
3620;192;235;134;land;false;plains;5
3621;248;48;205;land;false;forest;2
3622;243;187;245;land;false;plains;2
3623;204;245;61;land;true;marsh;2
3624;233;104;174;land;false;hills;5
3625;148;245;135;land;true;plains;2
3626;201;205;228;land;true;plains;2
3627;238;105;249;land;false;forest;2
3628;162;179;163;land;true;marsh;2
3629;215;162;154;land;true;plains;2
3630;224;157;250;land;false;plains;5
3631;149;169;253;land;false;plains;5
3632;182;167;233;land;false;forest;2
3633;178;118;220;land;false;plains;2
3634;144;224;219;land;true;plains;2
3635;224;211;243;land;false;plains;2
3636;99;214;227;land;false;plains;2
3637;253;1;248;land;false;plains;2
3638;232;168;192;land;false;plains;5
3639;183;168;227;land;true;forest;2
3640;204;121;249;land;false;plains;5
3641;234;133;173;land;false;plains;5
3642;239;225;237;land;true;plains;2
3643;161;130;238;land;true;plains;5
3644;239;237;191;land;false;plains;5
3645;102;225;210;land;false;plains;2
3646;216;217;74;land;false;plains;2
3647;164;196;217;land;true;forest;2
3648;215;122;166;land;false;plains;5
3649;238;87;235;land;false;plains;2
3650;136;142;233;land;true;hills;2
3651;249;184;217;land;true;plains;5
3652;152;206;159;land;true;plains;2
3653;166;152;222;land;true;plains;5
3654;133;173;207;land;true;plains;5
3655;201;152;237;land;true;plains;5
3656;161;219;234;land;false;plains;2
3657;208;190;189;land;false;plains;2
3658;243;201;79;land;false;plains;5
3659;250;210;129;land;false;plains;5
3660;244;165;192;land;true;hills;2
3661;241;123;216;land;false;plains;5
3662;116;239;207;land;true;hills;2
3663;176;171;200;land;false;plains;5
3664;250;233;226;land;false;plains;5
3665;233;126;254;land;true;mountain;2
3666;223;252;106;land;false;plains;2
3667;252;208;83;land;false;plains;2
3668;228;166;243;land;false;plains;5
3669;244;32;249;land;true;plains;2
3670;220;207;162;land;false;plains;2
3671;224;167;173;land;true;plains;5
3672;246;208;172;land;true;plains;5
3673;158;221;206;land;false;plains;5
3674;228;170;243;land;false;plains;5
3675;113;207;224;land;true;plains;2
3676;218;220;154;land;true;plains;2
3677;200;253;225;land;true;desert;2
3678;171;248;111;land;true;hills;2
3679;81;220;238;land;false;plains;2
3680;240;170;190;land;false;plains;2
3681;90;224;234;land;true;hills;2
3682;198;211;100;land;true;plains;5
3683;148;217;140;land;false;plains;5
3684;84;254;229;land;false;plains;2
3685;186;212;111;land;false;hills;2
3686;187;231;170;land;true;plains;5
3687;163;204;206;land;false;plains;2
3688;151;174;253;land;false;plains;5
3689;254;235;57;land;true;plains;5
3690;234;59;222;land;true;plains;5
3691;202;232;120;land;true;urban;5
3692;198;251;251;land;false;plains;5
3693;40;224;238;land;false;desert;2
3694;119;217;185;land;true;plains;2
3695;237;97;224;land;false;plains;2
3696;155;125;231;land;true;plains;2
3697;250;108;198;land;true;desert;2
3698;142;182;202;land;false;desert;2
3699;219;234;216;land;false;plains;5
3700;250;178;77;land;true;plains;5
3701;230;174;214;land;false;plains;2
3702;160;232;117;land;false;plains;2
3703;250;210;181;land;true;plains;5
3704;238;66;243;land;true;plains;5
3705;226;237;228;land;false;plains;5
3706;252;114;248;land;false;urban;5
3707;163;110;246;land;false;plains;2
3708;108;249;184;land;false;desert;2
3709;238;205;108;land;true;plains;5
3710;144;132;246;land;true;plains;5
3711;208;173;142;land;false;plains;2
3712;220;213;108;land;true;plains;2
3713;236;228;234;land;true;plains;5
3714;71;235;214;land;true;plains;5
3715;148;252;188;land;true;desert;2
3716;243;106;252;land;false;plains;2
3717;233;209;85;land;false;desert;2
3718;140;254;155;land;true;plains;5
3719;217;203;127;land;true;desert;2
3720;209;249;230;land;true;plains;5
3721;200;173;134;land;true;plains;5
3722;170;196;146;land;false;desert;2
3723;140;231;246;land;false;plains;5
3724;247;206;247;land;false;hills;2
3725;46;249;246;land;true;plains;5
3726;180;250;111;land;false;mountain;2
3727;109;231;194;land;true;plains;2
3728;231;116;199;land;true;plains;5
3729;250;190;249;land;true;plains;5
3730;249;19;253;land;true;plains;5
3731;150;218;220;land;false;plains;2
3732;172;194;179;land;true;plains;5
3733;191;248;218;land;false;plains;5
3734;254;181;77;land;false;desert;2
3735;229;159;241;land;true;desert;2
3736;165;139;218;land;false;plains;5
3737;126;241;151;land;false;desert;2
3738;226;216;245;land;false;hills;2
3739;80;217;253;land;true;plains;5
3740;234;246;123;land;true;plains;5
3741;212;199;162;land;false;plains;5
3742;187;162;187;land;false;plains;5
3743;227;128;227;land;false;mountain;2
3744;197;248;212;land;false;hills;2
3745;101;229;174;land;true;urban;2
3746;218;208;153;land;false;mountain;2
3747;178;252;227;land;false;plains;2
3748;228;206;209;land;true;plains;5
3749;218;223;73;land;true;plains;5
3750;185;91;250;land;false;hills;2
3751;247;231;169;land;false;desert;2
3752;251;178;86;land;true;plains;5
3753;120;184;252;land;true;plains;5
3754;209;169;193;land;false;hills;2
3755;157;147;237;land;false;hills;2
3756;249;161;160;land;true;plains;5
3757;179;182;211;land;false;plains;5
3758;222;168;206;land;false;hills;2
3759;242;228;174;land;false;plains;2
3760;232;186;166;land;false;plains;2
3761;230;236;78;land;false;plains;2
3762;186;219;106;land;true;plains;2
3763;244;224;48;land;true;plains;5
3764;217;194;246;land;true;urban;2
3765;211;195;150;land;false;plains;5
3766;249;168;109;land;false;plains;5
3767;242;237;75;land;false;desert;2
3768;221;160;197;land;false;mountain;2
3769;192;144;214;land;false;mountain;2
3770;155;139;235;land;true;plains;2
3771;216;185;207;land;false;plains;2
3772;224;138;198;land;false;plains;5
3773;236;239;132;land;true;plains;5
3774;218;118;241;land;false;desert;2
3775;100;193;214;land;false;desert;2
3776;235;105;189;land;true;plains;5
3777;143;222;206;land;true;plains;2
3778;156;235;207;land;true;plains;2
3779;124;206;253;land;false;desert;2
3780;180;90;246;land;true;plains;5
3781;240;118;160;land;true;plains;5
3782;219;125;242;land;false;plains;5
3783;226;135;203;land;false;plains;2
3784;223;241;202;land;false;desert;2
3785;226;197;143;land;false;hills;2
3786;72;212;251;land;true;plains;2
3787;72;196;235;land;true;plains;5
3788;146;185;235;land;false;hills;2
3789;108;223;192;land;false;mountain;2
3790;249;223;65;land;false;plains;2
3791;71;204;238;land;false;hills;2
3792;193;233;233;land;false;mountain;2
3793;195;163;248;land;true;urban;2
3794;167;250;218;land;true;plains;5
3795;197;212;180;land;false;plains;2
3796;176;223;186;land;false;plains;5
3797;198;188;153;land;false;mountain;2
3798;188;167;236;land;true;hills;2
3799;223;231;66;land;false;desert;2
3800;174;247;207;land;false;plains;5
3801;218;166;159;land;true;plains;2
3802;227;56;233;land;false;desert;2
3803;233;195;126;land;true;plains;2
3804;121;193;204;land;false;plains;2
3805;254;178;142;land;true;desert;2
3806;137;232;167;land;false;plains;5
3807;108;219;234;land;false;plains;5
3808;245;207;157;land;true;plains;5
3809;162;197;188;land;false;plains;5
3810;146;214;233;land;false;plains;5
3811;249;52;233;land;true;plains;2
3812;219;124;213;land;true;plains;5
3813;251;76;207;land;true;plains;2
3814;217;103;186;land;false;desert;2
3815;81;227;209;land;false;hills;2
3816;223;249;243;land;true;plains;5
3817;235;69;219;land;true;plains;2
3818;224;177;252;land;true;hills;2
3819;101;240;225;land;true;plains;5
3820;245;160;183;land;true;plains;5
3821;199;233;188;land;false;mountain;2
3822;230;204;165;land;false;desert;2
3823;230;184;186;land;false;plains;2
3824;177;233;231;land;false;desert;2
3825;43;247;245;land;false;plains;5
3826;62;245;220;land;true;plains;2
3827;132;195;250;land;false;mountain;2
3828;248;148;251;land;true;plains;2
3829;205;234;219;land;false;plains;5
3830;184;224;163;land;false;plains;5
3831;236;165;226;land;true;plains;5
3832;75;229;205;land;false;mountain;2
3833;253;246;141;land;true;plains;2
3834;120;205;243;land;true;plains;2
3835;213;141;168;land;true;mountain;2
3836;240;47;227;land;false;hills;2
3837;238;221;45;land;false;hills;2
3838;188;98;236;land;true;hills;2
3839;237;221;58;land;false;desert;2
3840;190;252;62;land;true;plains;5
3841;209;112;252;land;true;hills;2
3842;92;187;227;land;false;plains;5
3843;252;202;117;land;true;urban;5
3844;217;172;112;land;true;plains;5
3845;206;230;221;land;true;hills;2
3846;231;233;64;land;true;hills;2
3847;216;245;161;land;true;hills;2
3848;206;76;253;land;true;plains;5
3849;250;174;84;land;false;plains;5
3850;254;120;217;land;false;mountain;2
3851;127;168;222;land;false;desert;2
3852;128;249;180;land;false;plains;2
3853;239;167;104;land;false;hills;2
3854;220;205;131;land;false;desert;2
3855;160;202;215;land;true;plains;5
3856;254;84;180;land;false;hills;2
3857;33;233;236;land;true;plains;2
3858;237;235;137;land;false;plains;5
3859;96;226;242;land;false;mountain;2
3860;176;198;167;land;true;plains;2
3861;148;245;138;land;true;plains;2
3862;128;177;212;land;true;plains;2
3863;239;220;185;land;false;hills;2
3864;239;249;85;land;true;hills;2
3865;233;143;156;land;false;hills;2
3866;99;243;180;land;false;plains;5
3867;209;165;200;land;false;hills;2
3868;226;202;232;land;false;desert;2
3869;214;211;208;land;false;desert;2
3870;218;226;202;land;true;plains;5
3871;251;174;217;land;false;hills;2
3872;159;165;241;land;true;plains;5
3873;105;206;227;land;false;plains;5
3874;81;249;219;land;true;plains;5
3875;91;250;225;land;true;plains;2
3876;210;150;194;land;false;mountain;2
3877;219;220;186;land;false;hills;2
3878;147;217;196;land;false;desert;2
3879;217;245;43;land;false;hills;2
3880;241;109;169;land;true;plains;5
3881;215;253;135;land;false;mountain;2
3882;120;200;191;land;false;mountain;2
3883;97;232;223;land;true;hills;2
3884;174;178;193;land;false;mountain;2
3885;213;145;143;land;true;plains;2
3886;70;254;177;land;false;hills;2
3887;247;107;213;land;false;desert;2
3888;251;93;181;land;false;plains;2
3889;167;189;189;land;false;plains;5
3890;187;234;214;land;true;urban;2
3891;190;178;181;land;false;mountain;2
3892;226;169;203;land;true;plains;5
3893;204;128;189;land;false;desert;5
3894;195;214;210;land;false;plains;5
3895;230;225;226;land;true;plains;5
3896;238;103;167;land;true;plains;5
3897;240;166;126;land;false;hills;2
3898;198;147;207;land;true;plains;5
3899;146;214;186;land;false;mountain;2
3900;101;218;224;land;false;plains;2
3901;189;222;234;land;false;mountain;2
3902;232;187;239;land;false;mountain;2
3903;208;107;201;land;true;plains;5
3904;106;252;246;land;true;plains;2
3905;241;243;57;land;false;mountain;2
3906;246;181;116;land;true;hills;2
3907;163;181;248;land;false;hills;2
3908;181;241;89;land;false;desert;5
3909;252;159;112;land;true;plains;5
3910;103;237;178;land;false;mountain;2
3911;106;211;208;land;true;hills;2
3912;229;247;146;land;false;hills;2
3913;230;253;36;land;true;plains;5
3914;148;236;172;land;true;plains;5
3915;245;190;69;land;true;plains;5
3916;217;134;233;land;false;mountain;2
3917;125;160;251;land;false;mountain;2
3918;209;195;242;land;false;desert;2
3919;161;230;234;land;false;plains;5
3920;112;222;196;land;true;plains;5
3921;171;206;250;land;false;mountain;2
3922;203;216;188;land;true;desert;5
3923;242;73;190;land;false;urban;2
3924;207;114;209;land;false;desert;2
3925;198;155;189;land;true;desert;5
3926;117;198;199;land;true;plains;5
3927;205;156;171;land;false;desert;5
3928;221;206;100;land;false;hills;2
3929;233;247;27;land;false;mountain;2
3930;234;236;76;land;false;mountain;2
3931;149;210;234;land;false;desert;5
3932;215;123;168;land;true;plains;5
3933;112;150;254;land;false;mountain;2
3934;213;246;235;land;false;mountain;2
3935;28;252;240;land;false;hills;2
3936;244;216;180;land;true;plains;5
3937;198;146;251;land;false;hills;2
3938;129;248;209;land;false;mountain;2
3939;188;175;189;land;false;desert;2
3940;198;222;202;land;false;hills;2
3941;100;159;251;land;false;hills;2
3942;154;254;180;land;false;desert;2
3943;231;155;138;land;true;hills;2
3944;202;198;162;land;false;desert;5
3945;192;171;204;land;false;plains;5
3946;211;240;80;land;false;plains;5
3947;108;212;223;land;true;plains;5
3948;29;234;239;land;false;mountain;2
3949;196;164;141;land;false;hills;5
3950;220;228;191;land;true;desert;5
3951;236;120;225;land;true;plains;5
3952;156;242;236;land;true;plains;5
3953;190;89;225;land;false;mountain;2
3954;231;176;247;land;false;hills;2
3955;152;157;223;land;true;desert;5
3956;226;115;224;land;true;plains;5
3957;244;63;229;land;false;mountain;5
3958;131;207;227;land;false;mountain;2
3959;240;166;168;land;false;desert;2
3960;151;250;221;land;false;plains;2
3961;188;165;205;land;false;mountain;2
3962;252;195;112;land;false;mountain;2
3963;242;125;193;land;false;hills;2
3964;227;184;112;land;false;plains;5
3965;201;214;159;land;true;plains;5
3966;254;216;123;land;false;hills;2
3967;245;135;221;land;false;desert;2
3968;203;175;214;land;true;plains;5
3969;40;236;244;land;false;plains;5
3970;159;202;157;land;false;mountain;2
3971;111;214;206;land;false;mountain;2
3972;233;207;210;land;false;mountain;2
3973;176;205;210;land;false;desert;2
3974;220;147;156;land;false;plains;5
3975;101;218;232;land;false;plains;5
3976;148;214;220;land;false;mountain;2
3977;160;115;242;land;false;mountain;2
3978;251;134;191;land;false;mountain;2
3979;232;152;237;land;true;hills;2
3980;216;194;243;land;false;desert;5
3981;194;218;206;land;true;plains;5
3982;238;172;118;land;false;hills;5
3983;241;150;174;land;true;plains;5
3984;246;148;166;land;false;plains;5
3985;130;239;220;land;false;hills;2
3986;213;230;97;land;false;mountain;2
3987;195;142;172;land;false;mountain;2
3988;251;181;78;land;true;desert;5
3989;227;194;247;land;true;desert;5
3990;176;225;220;land;true;plains;5
3991;229;251;143;land;true;plains;5
3992;53;215;254;land;false;mountain;2
3993;227;120;195;land;false;mountain;2
3994;214;189;124;land;false;mountain;2
3995;237;117;186;land;false;desert;2
3996;236;253;254;land;false;mountain;2
3997;92;254;225;land;false;hills;2
3998;193;233;154;land;false;hills;2
3999;181;203;188;land;true;plains;5
4000;244;160;215;land;false;plains;5
4001;180;200;212;land;false;plains;2
4002;77;240;215;land;false;plains;2
4003;242;198;195;land;false;mountain;2
4004;214;35;254;land;false;mountain;2
4005;244;60;204;land;false;plains;5
4006;137;234;151;land;false;desert;2
4007;232;86;238;land;true;plains;5
4008;244;235;197;land;false;mountain;2
4009;92;228;209;land;false;mountain;2
4010;234;219;117;land;false;desert;2
4011;147;177;248;land;false;plains;5
4012;254;211;170;land;false;hills;5
4013;122;223;197;land;false;plains;5
4014;213;82;206;land;false;hills;2
4015;168;164;210;land;false;mountain;2
4016;214;118;178;land;false;mountain;2
4017;170;213;217;land;false;mountain;2
4018;183;222;138;land;false;desert;5
4019;160;240;182;land;false;plains;5
4020;93;235;214;land;false;plains;2
4021;173;145;204;land;true;plains;5
4022;243;135;251;land;false;hills;5
4023;154;240;250;land;true;plains;5
4024;167;131;223;land;false;mountain;2
4025;236;108;215;land;false;desert;2
4026;250;192;244;land;false;desert;5
4027;218;247;151;land;false;hills;2
4028;242;154;240;land;false;desert;2
4029;102;231;175;land;false;desert;5
4030;212;249;170;land;false;desert;5
4031;191;103;247;land;true;plains;5
4032;46;223;241;land;false;mountain;2
4033;247;88;191;land;false;mountain;2
4034;184;225;184;land;false;desert;2
4035;194;125;238;land;false;mountain;5
4036;201;237;171;land;false;mountain;2
4037;250;120;216;land;false;mountain;2
4038;114;246;233;land;true;plains;5
4039;138;225;187;land;true;plains;5
4040;209;236;165;land;false;hills;5
4041;100;238;192;land;false;plains;5
4042;223;136;231;land;false;forest;2
4043;153;239;218;land;false;mountain;2
4044;254;59;205;land;false;desert;5
4045;246;197;146;land;true;plains;5
4046;182;123;247;land;false;mountain;2
4047;158;188;254;land;false;mountain;2
4048;216;193;168;land;false;desert;2
4049;206;238;70;land;false;plains;2
4050;121;227;154;land;false;mountain;2
4051;222;88;194;land;false;mountain;2
4052;193;253;109;land;false;hills;2
4053;242;195;195;land;false;hills;2
4054;208;165;144;land;false;desert;2
4055;201;238;100;land;false;desert;5
4056;253;240;234;land;true;plains;5
4057;101;226;201;land;true;plains;5
4058;181;195;221;land;false;plains;5
4059;109;250;252;land;false;desert;2
4060;252;208;47;land;true;plains;5
4061;236;125;226;land;false;plains;5
4062;176;185;213;land;false;mountain;2
4063;217;178;125;land;false;mountain;2
4064;212;202;230;land;false;mountain;2
4065;197;194;236;land;false;mountain;2
4066;155;230;164;land;false;plains;5
4067;145;228;132;land;false;plains;2
4068;156;221;131;land;false;mountain;2
4069;246;204;109;land;true;hills;2
4070;228;154;177;land;false;desert;5
4071;247;217;246;land;false;desert;5
4072;126;226;182;land;false;hills;5
4073;210;205;231;land;false;hills;2
4074;240;168;198;land;true;plains;5
4075;140;233;193;land;true;plains;5
4076;171;140;235;land;false;mountain;5
4077;181;248;232;land;true;plains;5
4078;151;230;215;land;true;plains;5
4079;209;132;173;land;false;hills;5
4080;204;194;186;land;false;mountain;2
4081;228;251;248;land;false;hills;2
4082;241;218;136;land;false;hills;5
4083;162;220;122;land;false;mountain;2
4084;248;147;109;land;false;mountain;2
4085;101;232;185;land;false;plains;5
4086;242;105;221;land;false;hills;2
4087;221;140;184;land;false;mountain;2
4088;180;212;237;land;false;mountain;2
4089;172;202;250;land;false;mountain;2
4090;227;247;206;land;false;hills;2
4091;148;180;243;land;false;hills;5
4092;168;227;215;land;true;plains;5
4093;239;237;174;land;false;mountain;2
4094;239;127;224;land;false;mountain;2
4095;182;206;114;land;false;mountain;2
4096;54;233;230;land;false;desert;2
4097;219;223;102;land;false;plains;5
4098;215;246;218;land;false;plains;5
4099;153;114;252;land;true;plains;2
4100;224;160;249;land;false;mountain;2
4101;203;160;165;land;false;mountain;2
4102;236;189;220;land;false;mountain;2
4103;157;181;227;land;false;plains;5
4104;197;164;215;land;false;desert;2
4105;161;246;242;land;false;plains;5
4106;248;249;88;land;true;plains;2
4107;241;181;116;land;false;mountain;2
4108;192;253;113;land;false;desert;5
4109;141;149;250;land;false;desert;5
4110;242;130;226;land;false;mountain;2
4111;140;189;246;land;false;mountain;2
4112;164;157;230;land;false;desert;2
4113;234;156;236;land;false;mountain;5
4114;201;221;180;land;false;plains;5
4115;60;236;229;land;false;forest;2
4116;211;79;226;land;false;mountain;2
4117;164;170;224;land;false;plains;2
4118;59;234;210;land;true;plains;5
4119;235;224;167;land;false;mountain;2
4120;217;165;144;land;false;desert;5
4121;204;251;64;land;false;plains;5
4122;147;161;246;land;false;hills;2
4123;228;202;75;land;false;mountain;2
4124;150;195;164;land;false;desert;2
4125;219;157;243;land;false;plains;5
4126;235;219;224;land;true;plains;5
4127;241;204;133;land;true;plains;5
4128;195;226;170;land;false;plains;2
4129;139;253;241;land;false;mountain;2
4130;238;35;229;land;false;desert;5
4131;129;194;202;land;false;mountain;5
4132;232;98;224;land;false;desert;2
4133;171;241;116;land;false;desert;5
4134;178;201;122;land;true;plains;5
4135;165;229;201;land;false;plains;5
4136;234;187;164;land;false;plains;2
4137;155;233;172;land;false;mountain;2
4138;157;187;204;land;false;desert;2
4139;238;143;228;land;true;plains;5
4140;187;245;112;land;false;mountain;2
4141;153;215;167;land;false;mountain;2
4142;131;172;227;land;false;mountain;2
4143;238;72;248;land;false;mountain;2
4144;155;171;241;land;true;plains;2
4145;168;252;116;land;false;urban;2
4146;244;85;183;land;false;mountain;2
4147;153;153;199;land;false;mountain;2
4148;198;194;233;land;false;desert;2
4149;245;43;213;land;true;desert;5
4150;232;193;86;land;false;desert;5
4151;200;116;239;land;false;plains;5
4152;145;233;124;land;false;desert;5
4153;96;186;227;land;false;desert;5
4154;253;62;249;land;true;plains;5
4155;238;193;210;land;false;mountain;2
4156;248;200;182;land;false;desert;5
4157;148;239;120;land;false;plains;5
4158;201;254;174;land;false;mountain;2
4159;241;204;192;land;false;mountain;2
4160;253;135;140;land;false;mountain;2
4161;254;237;81;land;false;plains;2
4162;195;119;193;land;false;hills;2
4163;224;208;207;land;false;plains;5
4164;199;234;149;land;true;plains;5
4165;237;208;129;land;false;plains;2
4166;230;251;134;land;false;desert;5
4167;170;193;200;land;true;plains;5
4168;153;250;147;land;false;hills;5
4169;139;134;244;land;false;hills;2
4170;210;185;179;land;false;mountain;2
4171;193;199;172;land;true;plains;5
4172;42;240;249;land;true;plains;5
4173;129;192;249;land;false;plains;5
4174;252;90;248;land;false;mountain;2
4175;254;235;50;land;false;mountain;2
4176;166;231;180;land;false;mountain;2
4177;230;234;93;land;false;mountain;2
4178;207;58;239;land;true;desert;5
4179;119;210;252;land;true;plains;5
4180;200;216;162;land;false;plains;5
4181;166;164;229;land;false;mountain;2
4182;62;239;249;land;false;mountain;2
4183;210;243;78;land;false;plains;5
4184;87;237;196;land;true;plains;2
4185;59;229;240;land;false;mountain;2
4186;160;125;254;land;true;plains;5
4187;201;180;157;land;false;hills;5
4188;177;89;250;land;false;mountain;2
4189;145;241;241;land;false;desert;5
4190;167;212;229;land;false;desert;5
4191;154;235;245;land;false;plains;5
4192;154;254;176;land;false;desert;5
4193;194;242;121;land;false;plains;5
4194;164;135;248;land;false;mountain;2
4195;77;226;235;land;false;mountain;2
4196;183;214;218;land;false;plains;5
4197;173;94;249;land;false;hills;2
4198;212;207;178;land;false;hills;2
4199;104;240;193;land;false;hills;2
4200;87;247;219;land;false;desert;2
4201;222;121;160;land;true;plains;5
4202;221;174;246;land;false;hills;5
4203;202;217;196;land;false;hills;2
4204;203;156;193;land;false;hills;2
4205;248;61;194;land;false;mountain;2
4206;175;125;208;land;false;hills;2
4207;217;90;232;land;false;desert;5
4208;168;193;170;land;false;hills;5
4209;250;184;212;land;false;plains;5
4210;134;173;237;land;false;hills;2
4211;252;113;244;land;false;hills;2
4212;252;192;181;land;false;mountain;2
4213;133;209;241;land;false;mountain;2
4214;139;251;165;land;false;hills;2
4215;240;47;232;land;false;desert;5
4216;186;213;167;land;false;plains;5
4217;178;212;225;land;false;mountain;2
4218;199;201;160;land;true;plains;5
4219;145;191;192;land;false;plains;2
4220;187;91;227;land;false;plains;5
4221;189;171;233;land;false;mountain;2
4222;177;167;231;land;false;desert;5
4223;247;154;224;land;false;plains;5
4224;154;254;251;land;false;plains;5
4225;225;103;198;land;true;desert;2
4226;225;229;238;land;false;hills;5
4227;247;141;234;land;true;plains;2
4228;223;135;173;land;false;hills;2
4229;235;107;210;land;false;plains;2
4230;168;152;206;land;false;plains;2
4231;219;176;186;land;false;desert;2
4232;130;252;158;land;false;desert;5
4233;251;167;236;land;false;plains;5
4234;238;69;247;land;false;plains;5
4235;158;203;233;land;false;hills;2
4236;247;234;232;land;false;mountain;2
4237;168;217;221;land;false;plains;5
4238;73;235;193;land;false;plains;5
4239;229;174;249;land;true;plains;5
4240;251;215;83;land;false;plains;5
4241;119;223;229;land;false;plains;5
4242;240;218;77;land;true;plains;2
4243;226;200;106;land;false;hills;2
4244;146;222;139;land;false;hills;2
4245;253;242;89;land;false;desert;2
4246;142;205;173;land;true;plains;5
4247;166;190;204;land;true;plains;5
4248;189;93;243;land;false;plains;5
4249;82;200;246;land;false;hills;5
4250;207;193;102;land;false;plains;5
4251;218;219;111;land;false;plains;2
4252;107;202;234;land;false;hills;2
4253;182;148;200;land;false;mountain;2
4254;123;200;251;land;false;mountain;2
4255;232;111;236;land;false;desert;5
4256;165;229;170;land;false;plains;5
4257;134;227;145;land;false;hills;5
4258;137;176;253;land;false;plains;5
4259;250;95;188;land;false;hills;2
4260;151;183;236;land;false;desert;5
4261;107;196;203;land;false;plains;5
4262;102;252;222;land;false;plains;5
4263;163;179;167;land;false;plains;5
4264;178;114;220;land;false;plains;2
4265;211;130;160;land;false;desert;5
4266;176;212;247;land;false;plains;5
4267;246;113;241;land;false;plains;2
4268;217;252;65;land;false;mountain;2
4269;230;103;241;land;false;desert;5
4270;87;241;203;land;true;plains;5
4271;239;174;150;land;false;plains;5
4272;178;242;235;land;false;hills;2
4273;174;102;233;land;false;hills;2
4274;233;178;243;land;false;hills;2
4275;216;252;226;land;false;plains;2
4276;177;108;219;land;true;desert;2
4277;250;126;231;land;true;desert;5
4278;116;223;240;land;false;hills;2
4279;193;193;180;land;false;plains;5
4280;38;240;244;land;true;plains;5
4281;194;210;109;land;false;hills;5
4282;233;193;241;land;false;hills;2
4283;210;242;233;land;false;hills;2
4284;187;83;248;land;true;plains;5
4285;233;133;213;land;false;plains;5
4286;193;206;240;land;false;plains;5
4287;111;247;249;land;false;plains;2
4288;236;253;198;land;false;hills;2
4289;130;163;230;land;false;plains;5
4290;180;216;240;land;false;hills;2
4291;150;184;193;land;false;desert;5
4292;138;146;222;land;false;plains;2
4293;226;85;221;land;true;plains;5
4294;86;253;211;land;false;plains;5
4295;246;65;206;land;false;hills;2
4296;218;239;75;land;false;hills;2
4297;156;121;241;land;false;mountain;2
4298;175;251;152;land;false;desert;5
4299;200;237;146;land;false;desert;5
4300;137;245;242;land;true;plains;5
4301;184;100;240;land;false;hills;2
4302;200;142;218;land;false;hills;2
4303;222;100;211;land;false;hills;2
4304;98;252;152;land;true;plains;5
4305;198;206;142;land;false;hills;2
4306;252;47;220;land;false;plains;5
4307;131;231;142;land;false;plains;5
4308;249;199;85;land;false;hills;2
4309;80;236;205;land;false;plains;2
4310;231;193;171;land;true;urban;2
4311;215;123;242;land;false;plains;5
4312;236;17;252;land;false;hills;2
4313;159;229;121;land;false;forest;2
4314;247;142;137;land;false;hills;2
4315;96;245;192;land;false;mountain;2
4316;218;90;199;land;false;desert;5
4317;103;250;166;land;false;plains;5
4318;252;150;147;land;true;plains;5
4319;143;211;156;land;false;hills;5
4320;122;161;246;land;true;plains;2
4321;194;153;186;land;false;plains;2
4322;148;253;216;land;false;forest;2
4323;170;236;156;land;false;hills;2
4324;130;222;245;land;false;hills;2
4325;209;211;174;land;true;plains;2
4326;248;253;149;land;false;desert;5
4327;176;133;233;land;false;plains;5
4328;188;253;199;land;true;plains;5
4329;188;179;142;land;true;plains;5
4330;225;122;248;land;false;plains;5
4331;67;243;206;land;false;forest;2
4332;123;236;206;land;false;hills;2
4333;170;204;170;land;false;hills;2
4334;230;135;251;land;false;plains;2
4335;166;249;109;land;false;desert;5
4336;149;189;182;land;false;plains;5
4337;90;223;232;land;false;hills;5
4338;237;212;130;land;false;hills;2
4339;136;245;177;land;false;forest;2
4340;238;56;217;land;false;hills;2
4341;241;103;173;land;false;forest;2
4342;199;141;167;land;false;hills;2
4343;88;175;252;land;false;hills;2
4344;225;199;180;land;false;plains;2
4345;205;238;132;land;true;desert;5
4346;183;190;201;land;true;plains;5
4347;203;188;189;land;true;plains;5
4348;108;210;232;land;false;plains;5
4349;173;154;193;land;false;desert;5
4350;212;144;184;land;false;desert;5
4351;224;211;91;land;false;forest;2
4352;115;147;251;land;false;hills;2
4353;211;206;170;land;false;hills;2
4354;253;99;154;land;false;mountain;2
4355;229;228;119;land;true;plains;5
4356;234;101;224;land;true;plains;5
4357;179;221;155;land;false;forest;2
4358;253;157;152;land;false;hills;2
4359;138;223;232;land;false;plains;5
4360;208;181;185;land;false;plains;2
4361;124;163;227;land;false;desert;5
4362;111;201;226;land;false;plains;5
4363;216;232;252;land;false;plains;5
4364;161;245;117;land;false;hills;2
4365;220;217;71;land;false;desert;5
4366;191;85;233;land;false;plains;5
4367;229;58;254;land;false;plains;5
4368;111;166;232;land;false;plains;5
4369;228;188;214;land;false;forest;2
4370;232;236;172;land;false;plains;2
4371;140;140;239;land;false;hills;2
4372;200;226;85;land;false;hills;2
4373;149;235;168;land;false;plains;5
4374;194;102;241;land;true;plains;5
4375;109;244;154;land;true;plains;5
4376;196;193;173;land;true;plains;5
4377;196;227;173;land;false;plains;2
4378;64;247;199;land;false;mountain;2
4379;199;176;215;land;false;desert;5
4380;134;239;240;land;false;plains;5
4381;208;188;136;land;false;plains;5
4382;231;248;106;land;false;plains;2
4383;231;185;182;land;false;hills;2
4384;222;220;146;land;false;forest;2
4385;214;184;151;land;false;forest;2
4386;132;203;224;land;false;hills;2
4387;158;237;245;land;false;hills;2
4388;114;222;222;land;false;plains;2
4389;117;212;197;land;false;plains;2
4390;237;214;200;land;true;desert;5
4391;212;155;184;land;false;desert;5
4392;206;200;191;land;false;plains;5
4393;147;154;244;land;false;plains;2
4394;163;232;112;land;false;desert;5
4395;241;197;218;land;true;plains;5
4396;253;179;161;land;true;plains;5
4397;97;224;187;land;false;plains;5
4398;178;189;243;land;false;forest;2
4399;228;248;219;land;false;desert;5
4400;169;237;144;land;false;desert;5
4401;238;219;96;land;true;plains;5
4402;161;172;233;land;false;plains;5
4403;163;206;246;land;false;hills;2
4404;238;236;100;land;false;forest;2
4405;204;250;209;land;false;forest;2
4406;243;104;172;land;false;forest;2
4407;162;249;194;land;false;forest;2
4408;224;128;218;land;false;mountain;2
4409;105;242;192;land;false;desert;5
4410;232;145;250;land;false;plains;5
4411;253;179;172;land;false;plains;5
4412;219;240;109;land;false;forest;2
4413;160;172;254;land;true;plains;5
4414;248;189;165;land;false;plains;5
4415;178;236;163;land;false;plains;2
4416;251;182;75;land;false;hills;2
4417;159;249;226;land;false;desert;5
4418;221;222;65;land;false;desert;5
4419;138;206;233;land;false;plains;5
4420;113;234;183;land;false;plains;5
4421;206;251;109;land;false;plains;5
4422;183;151;232;land;false;plains;5
4423;249;220;192;land;false;plains;2
4424;115;235;252;land;false;plains;5
4425;130;164;214;land;false;plains;5
4426;254;119;200;land;false;forest;2
4427;117;232;238;land;false;plains;2
4428;176;135;227;land;true;plains;2
4429;59;214;251;land;false;desert;5
4430;199;250;135;land;false;plains;5
4431;146;240;145;land;true;plains;5
4432;97;191;244;land;false;plains;2
4433;254;154;96;land;false;forest;2
4434;200;188;159;land;false;plains;2
4435;99;254;176;land;false;forest;2
4436;100;239;229;land;false;mountain;2
4437;165;201;203;land;false;plains;2
4438;172;249;119;land;false;plains;2
4439;226;161;168;land;false;plains;5
4440;102;204;200;land;true;plains;5
4441;78;193;239;land;false;plains;2
4442;97;158;247;land;false;forest;2
4443;244;218;217;land;false;forest;2
4444;207;157;181;land;false;hills;2
4445;231;99;245;land;false;desert;5
4446;186;134;225;land;true;plains;5
4447;195;191;175;land;true;plains;5
4448;98;239;195;land;false;forest;2
4449;134;246;205;land;false;desert;5
4450;210;246;205;land;false;desert;5
4451;154;241;137;land;false;plains;5
4452;220;212;134;land;true;plains;5
4453;151;238;167;land;false;forest;2
4454;86;191;247;land;false;forest;2
4455;198;226;139;land;false;desert;5
4456;232;143;142;land;false;desert;5
4457;238;142;151;land;false;plains;5
4458;248;134;141;land;false;plains;5
4459;47;201;254;land;true;plains;5
4460;113;200;222;land;false;hills;2
4461;241;144;192;land;false;forest;2
4462;210;199;243;land;false;plains;2
4463;124;230;164;land;false;forest;2
4464;251;97;253;land;false;mountain;2
4465;186;192;152;land;true;plains;5
4466;247;251;108;land;true;plains;2
4467;164;217;127;land;false;plains;2
4468;147;242;114;land;false;desert;5
4469;253;151;116;land;false;plains;5
4470;228;242;239;land;false;plains;5
4471;231;165;166;land;true;plains;5
4472;198;240;230;land;false;forest;2
4473;251;43;217;land;false;forest;2
4474;68;223;244;land;false;forest;2
4475;201;222;199;land;true;plains;2
4476;202;241;101;land;false;forest;2
4477;254;226;134;land;false;plains;2
4478;166;225;127;land;false;plains;5
4479;222;186;124;land;true;plains;2
4480;229;221;169;land;false;plains;5
4481;234;86;192;land;false;plains;5
4482;152;130;248;land;false;forest;2
4483;185;181;197;land;false;desert;5
4484;97;230;240;land;false;plains;5
4485;247;181;129;land;false;plains;2
4486;130;244;201;land;false;hills;2
4487;233;138;133;land;true;plains;2
4488;141;250;175;land;false;plains;5
4489;248;196;199;land;true;plains;5
4490;236;108;190;land;false;forest;2
4491;128;180;203;land;false;plains;2
4492;239;135;204;land;false;forest;2
4493;228;221;211;land;false;forest;2
4494;212;119;188;land;false;desert;5
4495;214;184;106;land;false;desert;5
4496;228;164;178;land;false;plains;5
4497;237;207;92;land;true;plains;5
4498;234;211;67;land;true;plains;5
4499;120;241;146;land;false;plains;2
4500;163;179;218;land;false;desert;5
4501;166;233;198;land;false;hills;2
4502;227;146;180;land;false;desert;5
4503;247;87;247;land;false;desert;5
4504;173;211;180;land;false;desert;5
4505;202;231;119;land;true;plains;5
4506;248;200;181;land;true;plains;5
4507;234;252;87;land;false;hills;2
4508;202;234;215;land;false;forest;2
4509;198;115;214;land;false;plains;5
4510;173;177;214;land;false;forest;2
4511;196;191;240;land;false;hills;2
4512;141;211;232;land;false;hills;2
4513;212;242;183;land;false;plains;2
4514;116;246;214;land;true;plains;5
4515;89;235;224;land;false;plains;2
4516;204;254;67;land;false;forest;2
4517;157;102;246;land;false;plains;5
4518;168;165;252;land;false;forest;2
4519;242;149;137;land;false;hills;2
4520;119;191;220;land;false;plains;2
4521;161;202;215;land;true;plains;2
4522;186;152;192;land;true;plains;5
4523;206;175;221;land;false;forest;2
4524;217;215;103;land;true;plains;2
4525;188;145;201;land;false;desert;5
4526;172;168;167;land;false;desert;5
4527;160;252;197;land;false;plains;5
4528;36;247;224;land;true;plains;5
4529;234;100;221;land;false;forest;2
4530;156;217;195;land;false;plains;2
4531;217;254;203;land;false;plains;2
4532;146;202;169;land;true;plains;5
4533;187;232;162;land;false;plains;5
4534;243;241;45;land;false;plains;5
4535;137;226;252;land;false;plains;2
4536;241;223;53;land;false;plains;2
4537;213;183;235;land;false;hills;2
4538;122;253;158;land;true;urban;2
4539;110;193;242;land;false;desert;5
4540;226;231;122;land;true;plains;5
4541;174;175;246;land;false;plains;5
4542;182;190;253;land;false;plains;5
4543;254;50;218;land;false;forest;2
4544;251;178;171;land;false;plains;2
4545;185;73;253;land;false;plains;2
4546;207;251;82;land;false;desert;5
4547;174;225;166;land;false;desert;5
4548;164;167;228;land;true;plains;5
4549;92;239;245;land;false;plains;5
4550;170;235;249;land;false;plains;2
4551;129;170;244;land;false;plains;2
4552;173;155;178;land;false;plains;2
4553;248;175;152;land;false;desert;5
4554;230;162;246;land;false;forest;2
4555;187;201;163;land;false;forest;2
4556;96;192;243;land;false;hills;2
4557;229;154;174;land;true;plains;2
4558;215;237;113;land;false;desert;5
4559;191;171;189;land;false;plains;5
4560;234;186;214;land;false;forest;2
4561;230;40;240;land;false;hills;2
4562;43;242;246;land;false;hills;2
4563;241;64;231;land;false;urban;2
4564;150;195;221;land;false;plains;2
4565;215;139;174;land;false;desert;5
4566;217;130;178;land;true;plains;5
4567;133;137;250;land;false;plains;5
4568;221;122;249;land;false;plains;5
4569;219;232;213;land;false;plains;2
4570;207;115;205;land;false;hills;2
4571;204;183;185;land;false;plains;2
4572;198;187;141;land;false;plains;5
4573;137;254;236;land;false;forest;2
4574;196;237;219;land;false;forest;2
4575;237;251;38;land;false;plains;2
4576;240;167;165;land;false;forest;2
4577;195;244;144;land;false;forest;2
4578;230;118;244;land;false;forest;2
4579;214;253;224;land;false;plains;2
4580;247;231;215;land;false;plains;2
4581;179;131;229;land;true;plains;2
4582;250;159;146;land;false;forest;2
4583;231;170;239;land;false;plains;2
4584;133;222;224;land;false;desert;5
4585;207;71;236;land;true;plains;5
4586;238;252;169;land;false;plains;2
4587;249;115;169;land;false;plains;2
4588;149;169;226;land;false;mountain;2
4589;146;159;234;land;false;plains;2
4590;122;175;217;land;true;plains;5
4591;213;175;152;land;false;plains;5
4592;228;50;243;land;false;plains;5
4593;235;132;181;land;false;plains;2
4594;221;217;111;land;false;plains;2
4595;200;211;207;land;false;desert;5
4596;225;183;118;land;false;desert;5
4597;102;236;176;land;false;plains;5
4598;209;75;233;land;false;plains;5
4599;185;211;168;land;false;plains;2
4600;241;237;187;land;false;desert;5
4601;225;140;237;land;false;plains;5
4602;246;41;250;land;false;desert;5
4603;199;212;242;land;true;plains;5
4604;140;208;183;land;false;plains;5
4605;103;211;224;land;false;plains;2
4606;224;244;202;land;false;plains;2
4607;25;233;244;land;false;plains;5
4608;134;245;145;land;true;plains;5
4609;131;157;249;land;false;plains;5
4610;235;147;205;land;false;plains;5
4611;232;240;168;land;false;forest;2
4612;166;203;197;land;false;hills;2
4613;244;197;91;land;false;hills;2
4614;130;213;167;land;false;plains;2
4615;252;203;171;land;false;plains;5
4616;164;200;149;land;true;plains;5
4617;220;177;223;land;false;desert;5
4618;233;24;247;land;false;plains;5
4619;251;245;243;land;false;forest;2
4620;106;221;194;land;false;plains;2
4621;248;238;196;land;true;plains;2
4622;229;127;224;land;false;plains;5
4623;82;238;232;land;false;plains;2
4624;153;137;215;land;false;hills;2
4625;248;103;166;land;false;plains;2
4626;132;217;239;land;false;desert;5
4627;97;209;199;land;false;plains;5
4628;230;240;136;land;true;urban;5
4629;180;198;219;land;true;plains;5
4630;155;193;156;land;false;forest;2
4631;234;231;224;land;false;plains;2
4632;159;238;114;land;false;plains;2
4633;102;149;252;land;false;desert;5
4634;172;142;228;land;false;desert;5
4635;205;230;140;land;false;plains;5
4636;235;204;210;land;false;plains;5
4637;96;250;244;land;false;plains;5
4638;237;186;152;land;true;forest;2
4639;215;208;192;land;false;forest;2
4640;239;116;254;land;false;plains;2
4641;198;179;218;land;false;plains;2
4642;109;240;243;land;false;plains;2
4643;120;188;237;land;false;mountain;2
4644;162;237;172;land;false;desert;5
4645;172;130;220;land;false;desert;5
4646;96;248;254;land;true;plains;5
4647;101;210;197;land;true;plains;5
4648;233;154;251;land;true;plains;5
4649;211;202;229;land;false;plains;2
4650;212;97;214;land;false;plains;2
4651;199;108;216;land;false;plains;2
4652;247;18;236;land;true;plains;5
4653;232;29;240;land;false;plains;5
4654;243;185;167;land;true;forest;2
4655;253;141;113;land;false;mountain;2
4656;212;143;240;land;false;plains;2
4657;107;226;178;land;false;desert;5
4658;110;163;235;land;false;plains;5
4659;159;211;163;land;false;plains;5
4660;233;174;141;land;true;desert;5
4661;237;138;155;land;true;plains;5
4662;150;177;187;land;true;plains;5
4663;236;54;215;land;false;mountain;2
4664;246;78;226;land;false;hills;2
4665;194;136;214;land;true;plains;2
4666;87;253;215;land;false;desert;5
4667;244;163;164;land;false;forest;2
4668;231;166;154;land;false;plains;2
4669;130;237;151;land;true;plains;5
4670;247;254;203;land;false;plains;5
4671;244;142;196;land;false;plains;2
4672;251;230;209;land;false;plains;2
4673;230;159;152;land;false;desert;5
4674;169;122;228;land;true;plains;5
4675;203;252;206;land;true;plains;5
4676;149;220;138;land;false;hills;5
4677;124;240;203;land;false;forest;2
4678;154;203;196;land;false;desert;5
4679;171;254;208;land;false;hills;2
4680;157;195;241;land;false;mountain;2
4681;131;249;187;land;false;desert;5
4682;198;144;209;land;false;desert;5
4683;70;198;236;land;false;plains;5
4684;126;165;234;land;false;plains;5
4685;143;249;123;land;true;plains;5
4686;253;138;185;land;false;plains;5
4687;71;228;233;land;false;plains;5
4688;208;202;226;land;false;plains;5
4689;121;172;234;land;false;plains;5
4690;216;169;131;land;false;plains;2
4691;82;215;215;land;false;plains;2
4692;150;211;247;land;false;desert;5
4693;230;213;147;land;false;plains;5
4694;176;198;163;land;false;plains;2
4695;252;243;253;land;true;plains;2
4696;188;172;212;land;false;plains;5
4697;229;223;122;land;false;plains;5
4698;123;206;205;land;false;plains;2
4699;190;192;125;land;false;plains;2
4700;179;222;134;land;false;forest;2
4701;207;164;182;land;false;plains;2
4702;179;173;249;land;false;forest;2
4703;231;60;254;land;false;mountain;2
4704;227;168;200;land;false;urban;2
4705;220;136;221;land;false;plains;2
4706;198;212;235;land;false;plains;5
4707;209;206;188;land;false;forest;2
4708;158;170;214;land;true;plains;2
4709;121;249;232;land;true;plains;5
4710;240;248;84;land;false;plains;5
4711;233;90;200;land;false;forest;2
4712;155;235;234;land;false;desert;5
4713;135;190;182;land;false;plains;5
4714;248;233;91;land;false;plains;5
4715;224;167;168;land;false;forest;2
4716;238;165;136;land;false;forest;2
4717;202;185;235;land;false;forest;2
4718;209;169;227;land;false;mountain;2
4719;229;175;139;land;true;desert;5
4720;152;219;161;land;false;desert;5
4721;221;212;99;land;true;plains;5
4722;233;93;192;land;false;hills;5
4723;175;224;150;land;false;plains;2
4724;193;237;154;land;false;desert;5
4725;119;239;252;land;false;plains;5
4726;188;209;157;land;false;plains;5
4727;156;162;222;land;false;plains;2
4728;167;215;158;land;false;hills;2
4729;180;160;209;land;false;hills;2
4730;214;190;164;land;false;desert;5
4731;232;203;207;land;false;desert;5
4732;142;198;238;land;false;plains;5
4733;223;180;158;land;false;hills;5
4734;198;123;254;land;true;plains;5
4735;183;165;236;land;false;plains;5
4736;234;76;223;land;false;plains;5
4737;75;229;226;land;false;plains;5
4738;174;251;104;land;false;plains;2
4739;221;161;136;land;false;plains;2
4740;97;224;185;land;true;desert;5
4741;253;136;198;land;false;plains;5
4742;193;164;234;land;false;forest;2
4743;184;249;81;land;false;forest;2
4744;228;218;173;land;false;forest;2
4745;220;205;222;land;true;plains;5
4746;119;187;209;land;false;hills;5
4747;109;231;202;land;false;plains;2
4748;131;237;134;land;false;forest;2
4749;241;196;225;land;true;desert;5
4750;84;236;208;land;true;mountain;5
4751;196;96;223;land;false;plains;2
4752;247;60;217;land;false;forest;2
4753;149;225;190;land;false;forest;2
4754;210;157;139;land;false;plains;2
4755;251;189;204;land;false;mountain;2
4756;127;187;223;land;false;plains;2
4757;242;211;209;land;true;desert;5
4758;224;224;54;land;false;plains;5
4759;154;244;113;land;false;hills;5
4760;188;116;234;land;true;plains;2
4761;229;239;77;land;false;plains;2
4762;168;192;162;land;false;plains;2
4763;60;213;240;land;false;forest;2
4764;253;41;221;land;true;plains;5
4765;169;131;249;land;false;plains;5
4766;253;180;214;land;false;plains;2
4767;228;154;129;land;false;mountain;2
4768;109;220;249;land;true;desert;5
4769;237;152;248;land;false;plains;5
4770;238;229;149;land;true;plains;5
4771;83;239;224;land;false;plains;5
4772;183;212;170;land;true;mountain;5
4773;148;224;218;land;false;plains;2
4774;233;179;113;land;false;desert;5
4775;203;238;245;land;false;plains;5
4776;77;218;224;land;false;plains;5
4777;155;190;228;land;false;plains;5
4778;101;247;253;land;false;plains;5
4779;229;249;29;land;false;plains;2
4780;219;196;190;land;false;hills;2
4781;152;197;160;land;false;plains;2
4782;155;222;230;land;false;plains;2
4783;212;234;73;land;false;plains;5
4784;99;240;210;land;false;plains;2
4785;165;152;245;land;false;forest;2
4786;198;168;152;land;false;plains;2
4787;151;133;230;land;true;plains;2
4788;164;171;248;land;false;plains;5
4789;233;219;123;land;false;plains;2
4790;203;219;205;land;false;desert;5
4791;226;182;185;land;false;plains;2
4792;233;138;185;land;false;plains;2
4793;163;210;179;land;false;plains;2
4794;229;202;93;land;false;forest;2
4795;161;191;199;land;false;forest;2
4796;217;237;151;land;false;urban;2
4797;97;207;207;land;false;plains;5
4798;176;98;235;land;false;mountain;5
4799;232;180;175;land;false;mountain;2
4800;193;210;207;land;false;hills;2
4801;105;235;225;land;false;plains;5
4802;186;238;104;land;false;plains;5
4803;121;220;207;land;false;plains;2
4804;202;184;215;land;false;hills;5
4805;222;240;136;land;false;hills;5
4806;125;142;235;land;false;hills;5
4807;249;126;185;land;false;hills;5
4808;171;246;132;land;false;hills;5
4809;223;195;187;land;true;plains;2
4810;245;126;139;land;false;plains;5
4811;254;128;142;land;false;plains;5
4812;140;159;223;land;true;plains;2
4813;220;146;246;land;true;plains;2
4814;245;231;25;land;true;plains;5
4815;205;240;172;land;true;mountain;5
4816;170;218;230;land;false;forest;2
4817;173;125;232;land;true;plains;5
4818;97;213;212;land;false;plains;5
4819;140;201;223;land;false;plains;5
4820;179;227;148;land;false;plains;2
4821;248;126;221;land;false;hills;2
4822;252;247;34;land;false;hills;2
4823;243;217;142;land;true;plains;5
4824;227;215;144;land;false;hills;5
4825;152;247;106;land;false;plains;5
4826;211;169;128;land;false;hills;2
4827;203;166;160;land;false;plains;2
4828;254;230;123;land;false;plains;5
4829;220;238;77;land;false;plains;5
4830;177;246;123;land;false;hills;5
4831;238;101;197;land;false;hills;2
4832;254;144;116;land;true;plains;2
4833;130;175;234;land;false;plains;2
4834;181;189;152;land;false;plains;2
4835;229;212;125;land;false;forest;2
4836;61;240;249;land;true;plains;5
4837;232;199;126;land;false;plains;2
4838;209;220;238;land;false;plains;2
4839;157;216;129;land;false;plains;2
4840;228;171;118;land;false;forest;2
4841;236;170;172;land;false;plains;2
4842;253;133;122;land;false;plains;5
4843;228;198;253;land;false;plains;2
4844;230;238;106;land;false;hills;2
4845;236;189;95;land;false;plains;5
4846;238;157;239;land;false;plains;5
4847;89;196;237;land;false;plains;2
4848;155;230;130;land;false;plains;2
4849;160;235;251;land;false;urban;5
4850;198;204;231;land;false;plains;5
4851;99;215;197;land;false;hills;5
4852;214;214;148;land;false;forest;2
4853;46;242;239;land;false;plains;5
4854;252;211;115;land;true;plains;5
4855;183;170;219;land;false;plains;5
4856;248;95;206;land;true;plains;5
4857;250;242;253;land;false;hills;5
4858;245;177;131;land;false;hills;5
4859;175;174;202;land;false;forest;2
4860;26;247;232;land;true;plains;5
4861;179;225;100;land;true;plains;5
4862;229;150;172;land;false;plains;5
4863;252;153;134;land;true;mountain;5
4864;220;217;179;land;false;plains;2
4865;244;49;232;land;false;hills;2
4866;219;231;160;land;true;plains;5
4867;247;227;173;land;false;plains;5
4868;214;170;210;land;false;hills;2
4869;225;243;41;land;false;hills;2
4870;249;236;122;land;false;mountain;2
4871;146;200;240;land;false;hills;2
4872;229;93;251;land;false;hills;2
4873;128;199;224;land;true;plains;5
4874;253;194;114;land;true;plains;5
4875;164;225;166;land;true;plains;5
4876;124;244;216;land;false;hills;5
4877;229;130;206;land;false;hills;5
4878;252;236;132;land;false;plains;2
4879;237;245;45;land;false;forest;2
4880;248;172;131;land;false;forest;2
4881;212;156;201;land;false;plains;5
4882;250;57;204;land;false;plains;2
4883;187;254;180;land;false;forest;2
4884;192;137;248;land;false;plains;5
4885;135;212;222;land;false;plains;5
4886;97;224;224;land;false;plains;2
4887;228;251;131;land;false;forest;2
4888;99;237;210;land;true;plains;5
4889;204;252;108;land;false;hills;5
4890;157;251;158;land;true;plains;5
4891;167;222;125;land;false;plains;5
4892;198;175;179;land;false;hills;5
4893;132;248;219;land;false;plains;5
4894;152;175;229;land;false;hills;5
4895;159;205;254;land;false;forest;2
4896;216;91;197;land;true;plains;5
4897;254;69;201;land;false;plains;5
4898;222;147;209;land;false;plains;2
4899;145;183;185;land;false;forest;2
4900;234;227;182;land;false;plains;5
4901;217;232;178;land;false;plains;5
4902;122;189;193;land;false;hills;5
4903;196;185;132;land;false;hills;2
4904;214;151;152;land;false;forest;2
4905;207;231;158;land;false;plains;5
4906;163;191;179;land;false;plains;5
4907;209;207;173;land;false;plains;5
4908;222;183;160;land;false;plains;5
4909;192;161;167;land;false;plains;5
4910;192;209;141;land;true;mountain;5
4911;81;254;217;land;false;plains;2
4912;154;199;181;land;false;forest;2
4913;241;95;207;land;true;plains;5
4914;247;214;110;land;false;plains;5
4915;97;199;253;land;false;hills;5
4916;197;245;195;land;false;urban;2
4917;249;227;143;land;false;forest;2
4918;197;247;81;land;false;forest;2
4919;70;248;192;land;true;plains;5
4920;186;77;254;land;false;plains;5
4921;243;202;80;land;false;plains;5
4922;188;202;198;land;false;forest;2
4923;124;218;161;land;false;plains;2
4924;229;253;19;land;true;plains;5
4925;50;244;230;land;true;plains;5
4926;203;242;148;land;false;plains;2
4927;218;204;152;land;false;plains;2
4928;191;157;238;land;false;forest;2
4929;205;181;160;land;false;plains;5
4930;230;134;167;land;false;plains;5
4931;218;235;115;land;false;hills;5
4932;142;241;184;land;false;plains;5
4933;246;130;207;land;true;plains;5
4934;147;240;133;land;false;plains;5
4935;68;220;236;land;false;plains;5
4936;199;225;179;land;false;hills;5
4937;210;134;195;land;false;forest;2
4938;218;203;111;land;false;hills;2
4939;238;232;128;land;false;plains;2
4940;192;226;177;land;false;forest;2
4941;241;156;127;land;false;forest;2
4942;244;114;172;land;false;plains;5
4943;87;219;235;land;false;plains;5
4944;189;117;242;land;true;plains;5
4945;207;177;131;land;false;plains;2
4946;130;169;241;land;false;plains;5
4947;153;176;229;land;false;plains;2
4948;218;148;208;land;false;forest;2
4949;253;249;50;land;false;plains;5
4950;127;157;247;land;false;plains;5
4951;138;237;249;land;false;plains;2
4952;113;254;235;land;false;plains;2
4953;190;209;218;land;false;forest;2
4954;158;135;237;land;false;hills;5
4955;220;218;154;land;false;plains;2
4956;146;192;188;land;false;plains;5
4957;199;187;178;land;true;plains;5
4958;216;207;189;land;true;plains;5
4959;142;235;185;land;false;plains;5
4960;173;97;234;land;false;plains;5
4961;190;203;161;land;false;plains;2
4962;254;175;241;land;false;plains;2
4963;173;175;248;land;true;plains;5
4964;246;52;236;land;false;plains;5
4965;161;143;208;land;false;plains;5
4966;190;169;184;land;false;plains;5
4967;133;214;246;land;false;plains;2
4968;77;225;207;land;false;plains;2
4969;227;238;244;land;true;plains;5
4970;241;189;82;land;false;plains;5
4971;213;212;151;land;false;plains;5
4972;184;234;241;land;true;mountain;5
4973;190;187;183;land;false;plains;2
4974;208;103;245;land;false;plains;2
4975;156;252;192;land;false;forest;2
4976;120;253;130;land;true;forest;2
4977;159;209;196;land;false;plains;5
4978;246;122;202;land;false;hills;5
4979;159;218;207;land;false;hills;2
4980;220;251;187;land;false;forest;2
4981;243;118;222;land;false;plains;5
4982;226;189;161;land;false;hills;5
4983;153;254;250;land;false;hills;5
4984;147;239;166;land;true;forest;2
4985;164;253;200;land;false;plains;2
4986;196;195;230;land;false;plains;2
4987;252;167;190;land;true;plains;5
4988;235;153;166;land;false;hills;5
4989;123;204;183;land;false;hills;5
4990;214;201;113;land;false;forest;2
4991;213;205;226;land;false;plains;5
4992;229;157;160;land;false;plains;5
4993;167;198;206;land;false;plains;5
4994;167;169;165;land;false;plains;5
4995;173;233;203;land;false;plains;2
4996;179;198;232;land;false;forest;2
4997;252;205;88;land;false;plains;5
4998;229;222;221;land;false;plains;5
4999;155;175;193;land;false;hills;5
5000;18;238;245;land;false;plains;2
5001;209;246;226;land;false;plains;2
5002;122;253;242;land;false;plains;2
5003;245;99;226;land;true;plains;5
5004;252;191;100;land;false;forest;2
5005;193;127;205;land;true;plains;5
5006;245;118;180;land;true;plains;5
5007;127;226;181;land;false;plains;5
5008;230;237;238;land;false;plains;2
5009;106;183;249;land;false;hills;2
5010;242;229;198;land;false;forest;2
5011;140;238;212;land;false;plains;5
5012;164;243;201;land;false;plains;2
5013;240;230;234;land;true;forest;2
5014;221;197;93;land;true;plains;5
5015;252;114;158;land;false;plains;5
5016;168;211;162;land;false;plains;5
5017;167;241;221;land;false;plains;5
5018;194;157;167;land;true;plains;5
5019;124;173;243;land;true;plains;5
5020;245;202;102;land;true;forest;2
5021;209;115;198;land;false;hills;5
5022;217;219;207;land;false;forest;2
5023;91;222;250;land;false;forest;2
5024;203;229;69;land;false;forest;2
5025;192;200;151;land;false;plains;5
5026;208;77;247;land;false;plains;5
5027;249;231;73;land;false;plains;2
5028;252;91;211;land;false;forest;2
5029;165;175;196;land;false;plains;5
5030;221;181;205;land;false;plains;5
5031;174;175;185;land;false;plains;5
5032;210;246;53;land;true;urban;2
5033;218;243;112;land;true;plains;5
5034;191;185;144;land;false;plains;5
5035;247;243;13;land;false;hills;5
5036;126;253;142;land;false;hills;5
5037;207;163;218;land;false;plains;2
5038;94;189;254;land;false;forest;2
5039;203;228;216;land;true;plains;5
5040;157;221;208;land;false;plains;5
5041;96;208;245;land;false;hills;5
5042;238;108;221;land;true;plains;5
5043;236;203;121;land;false;hills;2
5044;254;239;161;land;false;plains;2
5045;224;219;62;land;false;plains;5
5046;179;189;208;land;false;forest;2
5047;190;145;251;land;false;plains;5
5048;143;174;221;land;false;plains;5
5049;227;183;102;land;true;plains;5
5050;245;193;135;land;false;plains;5
5051;188;176;141;land;false;plains;5
5052;128;243;164;land;true;plains;5
5053;181;250;210;land;false;plains;5
5054;214;176;253;land;false;plains;5
5055;198;250;122;land;false;plains;2
5056;206;211;224;land;false;plains;2
5057;123;221;222;land;false;plains;2
5058;124;220;220;land;true;plains;5
5059;155;238;169;land;false;plains;5
5060;121;237;240;land;false;plains;5
5061;230;146;179;land;false;plains;5
5062;180;197;248;land;false;urban;5
5063;180;191;160;land;true;plains;2
5064;66;237;229;land;false;hills;5
5065;200;178;245;land;false;hills;5
5066;180;171;210;land;false;plains;2
5067;123;225;206;land;false;plains;2
5068;149;175;212;land;false;forest;2
5069;175;253;247;land;false;forest;2
5070;191;241;198;land;false;forest;2
5071;80;234;206;land;false;plains;5
5072;180;90;233;land;false;plains;5
5073;247;151;161;land;false;plains;5
5074;233;112;186;land;false;plains;2
5075;210;163;195;land;false;plains;2
5076;110;184;245;land;false;forest;2
5077;224;239;191;land;true;plains;5
5078;232;220;148;land;false;plains;5
5079;180;181;162;land;false;plains;5
5080;147;204;213;land;true;plains;5
5081;59;239;229;land;false;hills;2
5082;206;143;184;land;false;forest;2
5083;190;222;162;land;true;plains;2
5084;73;202;235;land;false;forest;2
5085;242;79;181;land;false;plains;5
5086;221;78;215;land;false;plains;5
5087;191;177;228;land;false;forest;5
5088;236;88;223;land;false;hills;5
5089;198;61;250;land;false;hills;2
5090;188;178;225;land;true;plains;5
5091;142;202;214;land;true;plains;5
5092;209;133;173;land;false;plains;5
5093;171;223;176;land;false;mountain;5
5094;254;199;160;land;true;plains;5
5095;160;220;163;land;false;plains;2
5096;123;233;147;land;false;hills;5
5097;234;137;168;land;false;plains;2
5098;137;177;230;land;true;plains;5
5099;111;252;231;land;false;plains;5
5100;170;186;187;land;false;plains;5
5101;51;248;236;land;false;hills;5
5102;200;251;205;land;false;plains;2
5103;232;194;78;land;true;plains;5
5104;153;148;230;land;false;plains;5
5105;254;112;159;land;true;plains;5
5106;176;91;246;land;true;plains;5
5107;247;204;57;land;true;plains;5
5108;241;168;238;land;true;plains;5
5109;191;243;212;land;false;plains;5
5110;205;151;192;land;false;plains;5
5111;189;154;247;land;false;plains;5
5112;178;244;228;land;false;hills;5
5113;167;139;198;land;true;plains;5
5114;153;174;187;land;true;plains;2
5115;89;224;227;land;false;plains;2
5116;249;213;240;land;false;forest;2
5117;208;164;186;land;false;plains;5
5118;252;248;43;land;false;plains;2
5119;216;108;189;land;true;plains;5
5120;143;182;230;land;true;plains;2
5121;78;248;250;land;true;plains;2
5122;177;211;118;land;false;hills;2
5123;215;252;38;land;false;plains;5
5124;101;179;239;land;false;plains;5
5125;254;139;235;land;false;urban;5
5126;154;164;208;land;false;forest;5
5127;200;163;212;land;false;mountain;5
5128;248;155;167;land;false;plains;2
5129;152;233;235;land;false;plains;2
5130;241;194;85;land;false;plains;2
5131;222;216;163;land;true;plains;5
5132;232;250;28;land;false;plains;5
5133;221;225;89;land;false;plains;2
5134;206;116;223;land;false;plains;5
5135;146;206;228;land;false;hills;5
5136;225;205;175;land;true;urban;2
5137;212;155;219;land;true;plains;2
5138;79;236;192;land;false;plains;2
5139;237;116;170;land;false;plains;5
5140;201;254;132;land;true;plains;5
5141;184;240;182;land;false;hills;5
5142;153;193;239;land;false;hills;5
5143;190;161;177;land;false;mountain;5
5144;118;152;254;land;false;plains;2
5145;243;169;185;land;false;plains;2
5146;250;230;151;land;false;hills;5
5147;216;246;90;land;true;plains;5
5148;205;246;244;land;false;plains;2
5149;215;241;192;land;false;plains;2
5150;247;251;193;land;false;plains;2
5151;240;196;65;land;false;forest;2
5152;214;254;51;land;false;plains;5
5153;175;204;230;land;false;plains;5
5154;202;137;206;land;false;plains;5
5155;150;221;168;land;false;plains;5
5156;173;249;102;land;false;plains;2
5157;165;198;207;land;false;forest;2
5158;219;139;156;land;true;desert;5
5159;142;254;126;land;false;plains;5
5160;152;221;243;land;true;mountain;5
5161;252;143;118;land;false;urban;2
5162;195;58;254;land;false;plains;2
5163;244;158;113;land;false;plains;5
5164;248;200;116;land;false;plains;5
5165;247;176;156;land;false;forest;5
5166;149;178;198;land;false;hills;5
5167;128;253;150;land;true;plains;2
5168;243;235;149;land;false;hills;5
5169;62;252;207;land;true;plains;2
5170;250;252;21;land;true;plains;2
5171;211;147;171;land;false;plains;2
5172;206;136;186;land;false;plains;2
5173;147;183;237;land;false;plains;2
5174;121;204;245;land;false;forest;2
5175;111;178;251;land;false;plains;5
5176;208;205;230;land;false;plains;5
5177;120;180;222;land;false;plains;2
5178;123;212;220;land;false;forest;2
5179;133;151;236;land;false;plains;5
5180;223;106;204;land;false;hills;5
5181;242;94;193;land;false;mountain;5
5182;215;168;145;land;false;mountain;5
5183;217;252;204;land;false;mountain;5
5184;227;146;235;land;false;plains;2
5185;190;200;189;land;false;plains;2
5186;182;170;246;land;false;plains;5
5187;162;247;171;land;false;hills;5
5188;197;143;168;land;false;mountain;5
5189;249;125;163;land;true;plains;5
5190;243;247;163;land;true;plains;2
5191;177;216;182;land;false;plains;2
5192;145;209;249;land;false;forest;2
5193;155;224;219;land;false;forest;2
5194;42;251;254;land;false;plains;2
5195;148;160;247;land;false;plains;2
5196;253;147;196;land;false;plains;2
5197;234;86;211;land;false;forest;2
5198;166;228;120;land;true;plains;5
5199;196;182;208;land;false;plains;5
5200;184;201;200;land;true;plains;5
5201;163;165;227;land;false;plains;5
5202;145;191;243;land;false;plains;5
5203;92;249;244;land;false;hills;5
5204;233;209;185;land;true;plains;5
5205;109;233;166;land;true;plains;5
5206;120;221;196;land;true;urban;2
5207;254;238;166;land;false;hills;2
5208;191;251;162;land;false;forest;2
5209;186;202;121;land;false;plains;5
5210;151;104;249;land;false;plains;5
5211;166;241;155;land;false;hills;5
5212;231;46;232;land;false;mountain;5
5213;97;233;186;land;false;plains;2
5214;78;190;251;land;false;plains;2
5215;227;186;175;land;false;plains;2
5216;115;191;240;land;false;plains;2
5217;245;215;200;land;true;plains;5
5218;246;66;253;land;true;urban;5
5219;188;174;161;land;false;forest;5
5220;59;243;247;land;true;plains;5
5221;244;129;187;land;false;hills;5
5222;159;198;215;land;true;plains;5
5223;245;244;173;land;false;plains;2
5224;161;183;203;land;false;forest;2
5225;113;247;174;land;true;plains;5
5226;69;220;244;land;true;plains;5
5227;83;208;246;land;false;plains;5
5228;246;33;248;land;false;mountain;5
5229;98;230;208;land;true;mountain;5
5230;212;235;242;land;false;plains;2
5231;176;219;197;land;false;plains;5
5232;241;103;170;land;false;mountain;5
5233;210;174;220;land;false;plains;2
5234;150;208;230;land;false;plains;2
5235;233;169;120;land;false;plains;2
5236;254;242;76;land;false;forest;2
5237;227;174;153;land;false;plains;5
5238;154;205;249;land;false;plains;5
5239;154;246;109;land;false;plains;5
5240;203;185;225;land;false;forest;5
5241;182;184;151;land;false;hills;5
5242;237;225;179;land;true;mountain;5
5243;163;191;193;land;false;plains;2
5244;14;247;248;land;false;forest;2
5245;208;205;154;land;false;plains;5
5246;101;222;188;land;false;plains;5
5247;245;56;249;land;false;hills;5
5248;149;208;214;land;false;plains;2
5249;177;199;248;land;false;plains;2
5250;234;169;149;land;true;plains;5
5251;123;252;195;land;false;plains;5
5252;152;223;171;land;false;plains;5
5253;251;106;206;land;false;plains;5
5254;241;193;220;land;false;plains;5
5255;219;251;124;land;false;plains;5
5256;233;210;198;land;true;plains;5
5257;227;63;250;land;false;plains;2
5258;243;238;61;land;true;plains;5
5259;121;233;254;land;true;plains;5
5260;226;238;97;land;false;hills;5
5261;231;160;198;land;false;mountain;5
5262;121;229;230;land;false;hills;2
5263;253;75;174;land;true;plains;5
5264;90;253;177;land;false;plains;2
5265;160;191;191;land;false;forest;2
5266;240;178;209;land;false;forest;5
5267;136;218;219;land;false;hills;5
5268;202;118;207;land;true;mountain;5
5269;119;198;221;land;false;plains;2
5270;248;92;243;land;false;plains;2
5271;207;222;204;land;false;plains;2
5272;249;225;215;land;false;plains;2
5273;156;216;169;land;false;forest;5
5274;173;231;249;land;false;forest;2
5275;204;249;156;land;false;mountain;5
5276;145;188;235;land;true;plains;5
5277;55;217;241;land;false;plains;2
5278;167;197;201;land;false;plains;2
5279;126;228;211;land;false;forest;2
5280;234;195;142;land;true;plains;5
5281;248;242;167;land;false;hills;5
5282;240;121;186;land;false;plains;2
5283;159;157;234;land;false;forest;2
5284;111;205;217;land;false;forest;5
5285;235;231;56;land;false;hills;5
5286;175;142;210;land;false;hills;2
5287;213;204;198;land;false;plains;2
5288;130;221;186;land;true;plains;5
5289;203;143;220;land;false;plains;5
5290;218;163;129;land;true;plains;2
5291;239;180;176;land;false;plains;5
5292;104;209;252;land;false;forest;5
5293;133;219;167;land;false;plains;2
5294;231;140;198;land;false;plains;2
5295;129;205;182;land;false;forest;2
5296;159;223;124;land;true;plains;5
5297;199;245;59;land;false;plains;2
5298;216;206;98;land;false;mountain;5
5299;213;154;244;land;true;plains;5
5300;122;237;212;land;true;plains;5
5301;186;219;102;land;false;plains;5
5302;251;95;189;land;false;plains;5
5303;150;210;221;land;false;forest;5
5304;150;241;189;land;false;plains;2
5305;124;227;162;land;false;plains;2
5306;158;168;212;land;false;plains;5
5307;130;247;236;land;false;forest;5
5308;209;205;182;land;true;mountain;5
5309;177;124;245;land;false;plains;2
5310;194;142;182;land;false;plains;2
5311;156;243;254;land;true;plains;5
5312;134;187;199;land;false;plains;5
5313;229;220;156;land;false;forest;5
5314;219;243;146;land;false;mountain;5
5315;246;116;179;land;false;plains;2
5316;232;188;160;land;false;hills;5
5317;238;127;215;land;false;forest;2
5318;181;215;165;land;true;urban;5
5319;219;248;232;land;false;hills;5
5320;239;214;223;land;false;hills;2
5321;199;253;59;land;false;forest;2
5322;236;121;242;land;false;mountain;5
5323;206;115;238;land;true;mountain;5
5324;138;160;229;land;false;plains;2
5325;157;250;199;land;false;plains;2
5326;210;212;108;land;false;plains;2
5327;213;205;122;land;false;forest;2
5328;42;225;251;land;false;plains;5
5329;230;187;115;land;true;mountain;5
5330;250;178;192;land;false;plains;2
5331;238;142;201;land;false;plains;2
5332;223;55;233;land;true;forest;2
5333;181;111;233;land;true;plains;5
5334;235;107;166;land;false;forest;5
5335;239;77;245;land;false;mountain;5
5336;231;56;227;land;true;plains;5
5337;190;204;219;land;false;forest;5
5338;160;251;138;land;true;mountain;5
5339;83;252;173;land;true;plains;5
5340;236;232;252;land;false;plains;2
5341;84;212;241;land;false;plains;2
5342;210;227;184;land;false;forest;5
5343;186;179;142;land;false;plains;2
5344;182;246;190;land;false;plains;2
5345;222;142;171;land;true;plains;5
5346;236;69;230;land;false;plains;5
5347;102;232;228;land;true;plains;2
5348;226;223;201;land;false;plains;5
5349;226;213;145;land;false;plains;5
5350;171;207;232;land;false;plains;2
5351;111;203;208;land;false;plains;2
5352;232;148;206;land;false;plains;2
5353;224;141;218;land;false;plains;2
5354;213;192;146;land;false;forest;5
5355;241;150;136;land;false;hills;5
5356;200;218;249;land;false;forest;2
5357;187;239;102;land;false;plains;5
5358;237;214;193;land;false;hills;5
5359;244;96;225;land;false;plains;2
5360;236;240;229;land;false;plains;2
5361;179;189;232;land;false;forest;2
5362;253;194;120;land;true;plains;5
5363;200;230;196;land;false;forest;5
5364;174;146;239;land;false;hills;5
5365;247;229;231;land;false;hills;2
5366;130;242;251;land;false;forest;2
5367;215;208;205;land;false;forest;2
5368;157;145;253;land;true;mountain;5
5369;250;132;139;land;true;mountain;5
5370;135;246;148;land;false;plains;5
5371;173;135;193;land;false;plains;2
5372;210;53;239;land;true;plains;5
5373;212;94;221;land;false;forest;5
5374;203;230;198;land;false;hills;5
5375;216;79;215;land;false;plains;2
5376;244;61;250;land;true;forest;2
5377;240;236;212;land;false;plains;5
5378;220;197;153;land;false;forest;5
5379;188;246;198;land;true;mountain;5
5380;179;110;238;land;false;plains;2
5381;150;150;239;land;false;plains;2
5382;221;211;107;land;true;forest;2
5383;203;183;237;land;false;plains;5
5384;36;243;222;land;false;forest;5
5385;238;236;192;land;false;mountain;5
5386;187;162;162;land;true;plains;2
5387;104;156;254;land;false;plains;5
5388;238;253;33;land;false;plains;2
5389;210;139;214;land;false;plains;5
5390;176;234;141;land;false;plains;5
5391;186;213;242;land;false;forest;5
5392;96;248;199;land;true;plains;5
5393;114;182;205;land;false;plains;2
5394;242;116;205;land;false;plains;2
5395;130;235;234;land;false;plains;5
5396;178;194;208;land;false;hills;5
5397;209;141;191;land;false;mountain;5
5398;240;154;215;land;false;plains;2
5399;236;215;116;land;false;urban;2
5400;201;198;231;land;false;plains;2
5401;244;117;163;land;false;forest;2
5402;241;191;171;land;true;plains;5
5403;158;244;99;land;true;plains;5
5404;133;208;192;land;false;plains;2
5405;203;139;209;land;false;plains;5
5406;244;90;232;land;true;plains;5
5407;112;232;190;land;false;hills;5
5408;237;96;190;land;false;mountain;5
5409;254;124;233;land;false;plains;2
5410;179;247;131;land;false;plains;5
5411;213;208;140;land;true;forest;2
5412;228;195;202;land;false;urban;5
5413;173;241;140;land;true;mountain;5
5414;113;199;225;land;true;plains;2
5415;205;228;169;land;true;plains;2
5416;86;218;254;land;false;plains;2
5417;224;230;70;land;false;plains;2
5418;216;74;230;land;false;plains;2
5419;233;157;179;land;false;plains;2
5420;172;112;252;land;false;forest;2
5421;139;234;145;land;false;forest;2
5422;218;241;86;land;false;plains;5
5423;204;135;202;land;false;plains;5
5424;62;250;215;land;false;plains;2
5425;250;254;75;land;false;plains;2
5426;223;200;207;land;false;plains;5
5427;185;177;209;land;true;mountain;5
5428;234;180;254;land;true;plains;5
5429;119;225;235;land;true;plains;2
5430;188;167;175;land;false;plains;2
5431;218;105;211;land;false;plains;2
5432;66;216;250;land;false;plains;2
5433;198;231;117;land;false;plains;5
5434;183;187;170;land;false;plains;5
5435;168;223;184;land;false;hills;5
5436;15;245;244;land;false;plains;2
5437;247;222;143;land;false;plains;5
5438;238;187;102;land;false;plains;5
5439;124;142;251;land;false;hills;5
5440;182;114;212;land;false;mountain;5
5441;235;20;248;land;false;plains;2
5442;183;183;251;land;false;plains;2
5443;159;126;244;land;false;plains;2
5444;224;59;225;land;true;plains;5
5445;240;222;197;land;false;plains;2
5446;225;178;190;land;true;plains;5
5447;118;176;221;land;false;mountain;5
5448;209;176;157;land;false;plains;2
5449;175;226;247;land;false;plains;2
5450;236;203;95;land;false;mountain;5
5451;202;207;156;land;false;plains;5
5452;241;231;189;land;false;forest;5
5453;226;235;139;land;false;forest;5
5454;139;188;226;land;true;plains;2
5455;229;209;245;land;true;plains;2
5456;191;251;148;land;false;plains;2
5457;173;239;91;land;false;plains;2
5458;179;249;123;land;false;plains;2
5459;202;199;236;land;true;forest;2
5460;113;224;232;land;false;plains;5
5461;222;223;199;land;false;plains;5
5462;222;72;222;land;false;hills;5
5463;228;226;63;land;false;plains;2
5464;120;184;231;land;false;forest;2
5465;188;182;158;land;false;plains;5
5466;119;208;201;land;false;plains;2
5467;236;55;240;land;false;plains;2
5468;180;177;223;land;true;plains;5
5469;189;210;228;land;false;plains;5
5470;214;247;238;land;false;plains;5
5471;8;254;242;land;true;mountain;5
5472;232;184;118;land;true;mountain;5
5473;246;236;161;land;false;plains;2
5474;146;117;239;land;false;plains;2
5475;236;217;91;land;false;hills;2
5476;206;231;66;land;true;plains;5
5477;145;238;166;land;false;hills;2
5478;111;232;211;land;false;plains;2
5479;246;247;93;land;false;mountain;5
5480;165;179;172;land;true;plains;5
5481;211;76;223;land;false;plains;2
5482;166;191;219;land;false;plains;5
5483;253;251;58;land;false;mountain;5
5484;226;219;240;land;false;plains;2
5485;234;224;226;land;false;plains;2
5486;205;183;192;land;true;urban;2
5487;143;213;219;land;false;plains;5
5488;216;193;253;land;false;plains;2
5489;53;248;252;land;false;plains;2
5490;94;223;246;land;false;plains;5
5491;156;180;184;land;false;plains;2
5492;185;254;213;land;false;hills;2
5493;99;221;195;land;true;plains;5
5494;108;244;172;land;false;plains;5
5495;141;216;195;land;false;forest;5
5496;254;238;90;land;false;forest;5
5497;198;127;231;land;false;mountain;5
5498;229;76;235;land;false;plains;2
5499;225;196;201;land;false;plains;2
5500;221;194;92;land;false;plains;2
5501;220;239;53;land;false;plains;5
5502;110;186;225;land;false;plains;5
5503;111;237;164;land;false;plains;2
5504;180;136;188;land;false;plains;2
5505;160;230;188;land;true;plains;5
5506;209;183;116;land;false;plains;5
5507;245;202;151;land;true;plains;5
5508;224;139;218;land;false;plains;2
5509;123;167;251;land;false;forest;2
5510;210;94;237;land;true;plains;2
5511;211;235;187;land;false;plains;2
5512;156;130;247;land;false;hills;2
5513;243;222;88;land;false;plains;2
5514;217;125;198;land;true;plains;5
5515;223;188;240;land;false;plains;5
5516;126;188;233;land;false;plains;5
5517;140;229;176;land;true;mountain;5
5518;190;197;219;land;true;plains;2
5519;144;230;195;land;true;plains;5
5520;252;251;23;land;false;plains;5
5521;160;158;204;land;false;hills;2
5522;248;254;29;land;true;plains;4
5523;218;167;222;land;true;mountain;5
5524;175;184;251;land;true;plains;5
5525;168;183;169;land;true;plains;5
5526;224;131;201;land;false;plains;2
5527;185;189;181;land;false;plains;2
5528;232;197;193;land;false;plains;2
5529;167;139;247;land;true;plains;4
5530;221;123;252;land;true;plains;5
5531;245;48;217;land;false;hills;5
5532;219;163;252;land;false;mountain;5
5533;227;218;210;land;false;plains;2
5534;235;111;214;land;false;plains;2
5535;253;253;70;land;false;forest;2
5536;170;217;213;land;false;plains;5
5537;192;177;163;land;false;plains;5
5538;173;145;191;land;false;mountain;5
5539;147;141;223;land;false;plains;2
5540;172;162;245;land;true;jungle;2
5541;197;116;200;land;false;forest;5
5542;211;227;177;land;false;mountain;5
5543;237;124;201;land;false;plains;5
5544;146;164;235;land;false;plains;5
5545;197;160;246;land;false;mountain;5
5546;242;206;64;land;false;mountain;5
5547;219;228;113;land;true;plains;5
5548;190;250;250;land;false;plains;2
5549;232;196;217;land;false;plains;2
5550;198;146;228;land;false;hills;2
5551;97;254;210;land;false;forest;5
5552;103;239;219;land;false;forest;5
5553;227;246;195;land;false;mountain;5
5554;155;228;253;land;false;mountain;5
5555;220;148;239;land;true;plains;5
5556;135;248;157;land;false;plains;2
5557;191;123;249;land;false;plains;2
5558;195;201;109;land;true;plains;5
5559;155;229;187;land;false;plains;5
5560;150;153;213;land;false;plains;5
5561;224;144;170;land;false;mountain;5
5562;171;200;137;land;false;mountain;5
5563;140;175;220;land;false;plains;2
5564;228;235;150;land;false;plains;2
5565;233;58;233;land;true;jungle;2
5566;233;226;94;land;true;jungle;2
5567;153;250;142;land;false;plains;5
5568;190;250;201;land;false;plains;2
5569;233;247;231;land;false;plains;2
5570;111;197;237;land;false;hills;2
5571;140;204;212;land;true;forest;2
5572;215;139;165;land;false;plains;5
5573;238;215;233;land;false;mountain;5
5574;82;248;183;land;false;mountain;5
5575;234;149;247;land;true;plains;5
5576;140;242;232;land;true;plains;5
5577;164;225;251;land;false;plains;2
5578;182;184;178;land;true;forest;2
5579;181;183;181;land;true;plains;5
5580;200;207;128;land;true;forest;2
5581;168;159;216;land;true;forest;2
5582;222;214;99;land;true;plains;5
5583;162;237;126;land;false;plains;5
5584;221;93;214;land;false;plains;5
5585;185;195;233;land;false;forest;5
5586;176;229;128;land;false;plains;2
5587;107;206;218;land;false;jungle;2
5588;180;145;185;land;false;jungle;2
5589;226;141;181;land;true;plains;5
5590;120;231;166;land;true;plains;5
5591;215;173;140;land;false;mountain;5
5592;100;232;239;land;false;mountain;5
5593;214;147;237;land;false;plains;2
5594;237;180;108;land;true;plains;5
5595;185;148;238;land;false;plains;2
5596;181;97;237;land;false;plains;2
5597;231;173;161;land;false;plains;2
5598;207;248;248;land;false;mountain;5
5599;210;183;191;land;true;plains;5
5600;147;197;206;land;false;plains;2
5601;165;234;104;land;false;plains;2
5602;253;253;0;land;false;plains;5
5603;160;250;239;land;false;forest;5
5604;110;241;212;land;false;hills;5
5605;235;217;162;land;true;mountain;5
5606;166;249;135;land;false;plains;2
5607;239;94;250;land;true;jungle;2
5608;124;248;133;land;false;plains;5
5609;221;152;171;land;false;plains;2
5610;115;205;224;land;false;hills;2
5611;219;190;187;land;false;plains;2
5612;158;124;237;land;false;jungle;2
5613;243;103;190;land;false;hills;2
5614;205;227;74;land;false;plains;5
5615;249;156;250;land;true;plains;5
5616;202;166;208;land;false;plains;2
5617;238;201;235;land;false;plains;2
5618;157;158;237;land;false;forest;5
5619;201;231;148;land;false;mountain;5
5620;143;204;185;land;false;mountain;5
5621;202;136;200;land;false;plains;2
5622;247;224;241;land;false;forest;2
5623;222;235;123;land;true;forest;2
5624;165;245;186;land;true;mountain;5
5625;210;175;148;land;false;plains;2
5626;233;227;194;land;true;forest;2
5627;220;177;121;land;true;forest;2
5628;189;219;237;land;false;mountain;5
5629;169;197;208;land;false;plains;2
5630;226;236;57;land;true;plains;5
5631;152;141;228;land;true;plains;5
5632;168;240;191;land;false;plains;5
5633;181;156;176;land;false;plains;5
5634;187;219;119;land;true;plains;5
5635;204;245;76;land;false;hills;2
5636;247;187;100;land;true;plains;4
5637;207;133;224;land;false;plains;5
5638;190;246;187;land;false;plains;2
5639;245;152;142;land;false;hills;2
5640;198;217;254;land;true;plains;4
5641;85;252;229;land;false;plains;5
5642;125;190;200;land;false;plains;5
5643;226;253;181;land;false;hills;5
5644;226;124;172;land;false;mountain;5
5645;208;204;192;land;false;plains;2
5646;239;194;196;land;false;plains;2
5647;109;217;211;land;false;forest;5
5648;222;132;195;land;false;plains;2
5649;148;237;178;land;false;plains;2
5650;155;195;182;land;false;plains;5
5651;253;211;109;land;false;forest;5
5652;56;231;232;land;false;mountain;5
5653;150;137;235;land;false;mountain;5
5654;84;211;220;land;false;urban;2
5655;239;249;194;land;false;plains;2
5656;127;242;170;land;false;jungle;2
5657;45;212;251;land;false;jungle;2
5658;210;188;130;land;true;desert;4
5659;179;148;213;land;true;plains;4
5660;231;142;229;land;true;plains;5
5661;177;172;155;land;true;plains;5
5662;99;246;187;land;false;plains;5
5663;218;173;234;land;false;mountain;5
5664;241;205;55;land;true;plains;5
5665;97;213;239;land;false;plains;2
5666;253;206;83;land;false;plains;2
5667;181;246;144;land;true;desert;4
5668;178;240;215;land;false;forest;5
5669;211;251;168;land;false;mountain;5
5670;151;243;205;land;false;plains;2
5671;232;56;249;land;false;jungle;2
5672;157;253;184;land;false;jungle;2
5673;48;244;222;land;true;plains;4
5674;246;199;252;land;true;plains;5
5675;193;253;205;land;false;mountain;5
5676;242;144;218;land;false;plains;5
5677;22;242;248;land;false;plains;5
5678;99;217;198;land;false;mountain;5
5679;231;146;212;land;true;mountain;5
5680;248;71;237;land;false;jungle;2
5681;147;205;174;land;false;plains;5
5682;153;227;253;land;false;plains;2
5683;207;120;217;land;false;forest;5
5684;221;251;90;land;true;plains;2
5685;7;245;250;land;false;plains;2
5686;208;196;98;land;false;plains;2
5687;205;147;202;land;false;jungle;2
5688;215;152;214;land;false;forest;5
5689;186;254;109;land;true;mountain;5
5690;102;220;207;land;false;plains;2
5691;253;247;113;land;true;forest;2
5692;186;180;154;land;false;plains;5
5693;217;210;168;land;false;plains;5
5694;103;152;247;land;false;plains;2
5695;186;217;158;land;false;plains;2
5696;208;60;253;land;true;plains;5
5697;227;176;109;land;false;plains;5
5698;230;41;232;land;false;mountain;5
5699;218;181;143;land;false;hills;2
5700;243;245;135;land;false;jungle;2
5701;253;137;221;land;true;plains;5
5702;242;82;186;land;true;plains;5
5703;168;231;209;land;true;desert;4
5704;245;130;133;land;false;mountain;5
5705;222;69;242;land;false;plains;2
5706;237;229;121;land;true;plains;5
5707;133;209;236;land;false;plains;5
5708;200;170;250;land;false;forest;5
5709;234;170;113;land;false;mountain;5
5710;124;231;193;land;false;plains;2
5711;128;249;226;land;false;plains;2
5712;215;161;151;land;false;jungle;2
5713;171;199;211;land;true;plains;4
5714;94;232;222;land;true;plains;5
5715;173;132;250;land;false;mountain;5
5716;253;222;194;land;false;jungle;2
5717;192;194;125;land;true;plains;5
5718;181;138;194;land;false;plains;5
5719;87;236;203;land;false;plains;5
5720;236;125;158;land;false;plains;5
5721;67;239;209;land;true;plains;5
5722;165;104;242;land;false;plains;5
5723;207;250;95;land;false;hills;2
5724;240;111;210;land;false;plains;2
5725;227;127;243;land;false;jungle;2
5726;241;137;214;land;true;mountain;5
5727;195;189;233;land;false;jungle;2
5728;100;155;254;land;false;plains;5
5729;221;181;249;land;false;plains;5
5730;228;250;102;land;false;mountain;5
5731;247;224;130;land;false;urban;2
5732;246;136;200;land;false;plains;5
5733;147;215;225;land;false;jungle;2
5734;226;207;193;land;false;plains;4
5735;251;178;79;land;false;plains;5
5736;249;185;151;land;false;mountain;5
5737;194;208;151;land;false;mountain;5
5738;226;244;137;land;false;plains;2
5739;194;174;196;land;false;plains;5
5740;229;147;162;land;false;plains;5
5741;233;84;202;land;false;plains;5
5742;189;130;197;land;false;hills;5
5743;183;168;223;land;false;mountain;5
5744;253;237;197;land;false;plains;2
5745;236;179;219;land;true;plains;4
5746;131;249;234;land;false;forest;5
5747;253;79;187;land;false;plains;2
5748;204;143;231;land;false;plains;2
5749;220;238;210;land;false;plains;5
5750;219;189;188;land;false;mountain;5
5751;85;190;234;land;false;hills;2
5752;158;213;133;land;false;jungle;2
5753;135;238;208;land;true;plains;5
5754;83;204;240;land;true;plains;5
5755;250;223;225;land;false;plains;5
5756;234;190;148;land;false;plains;2
5757;227;188;212;land;false;plains;2
5758;163;185;197;land;false;plains;5
5759;127;223;236;land;false;plains;5
5760;241;103;219;land;false;hills;5
5761;239;240;56;land;false;mountain;5
5762;249;245;143;land;false;plains;2
5763;252;92;203;land;false;plains;4
5764;238;161;137;land;false;plains;5
5765;182;250;231;land;false;plains;2
5766;223;50;237;land;false;jungle;2
5767;223;134;233;land;true;forest;2
5768;164;178;192;land;false;plains;5
5769;182;166;197;land;false;plains;5
5770;252;179;236;land;false;plains;5
5771;221;98;244;land;false;hills;5
5772;179;148;203;land;true;mountain;5
5773;187;242;159;land;false;plains;2
5774;211;238;92;land;false;plains;2
5775;204;189;226;land;false;hills;2
5776;213;168;231;land;true;desert;4
5777;212;141;209;land;true;plains;4
5778;109;226;220;land;false;plains;5
5779;242;191;222;land;false;mountain;5
5780;170;254;246;land;false;plains;2
5781;86;237;218;land;false;plains;2
5782;249;192;129;land;false;hills;2
5783;234;130;233;land;true;plains;4
5784;150;155;252;land;false;plains;5
5785;238;248;196;land;false;mountain;5
5786;252;186;189;land;false;plains;4
5787;227;253;88;land;false;plains;5
5788;244;166;212;land;false;plains;5
5789;204;186;154;land;false;plains;2
5790;242;118;216;land;false;plains;2
5791;242;108;215;land;false;plains;2
5792;47;217;237;land;false;jungle;2
5793;178;217;229;land;true;desert;4
5794;123;170;213;land;true;plains;5
5795;244;209;140;land;false;plains;5
5796;251;234;220;land;false;plains;5
5797;226;46;230;land;false;plains;5
5798;217;153;242;land;false;hills;5
5799;147;234;244;land;false;mountain;5
5800;239;236;77;land;false;plains;2
5801;210;246;172;land;false;plains;2
5802;141;229;253;land;true;plains;5
5803;234;123;171;land;false;plains;5
5804;213;188;188;land;false;jungle;2
5805;103;199;201;land;true;plains;4
5806;248;218;115;land;false;plains;5
5807;215;234;65;land;false;plains;5
5808;174;191;233;land;false;mountain;5
5809;229;214;82;land;true;plains;5
5810;161;200;191;land;false;plains;2
5811;144;222;201;land;false;hills;2
5812;211;190;128;land;false;plains;5
5813;211;240;111;land;false;mountain;5
5814;248;110;189;land;true;mountain;5
5815;228;142;218;land;false;jungle;2
5816;220;175;234;land;false;plains;5
5817;184;233;208;land;true;mountain;5
5818;234;144;242;land;true;plains;5
5819;186;104;224;land;false;plains;2
5820;194;197;218;land;false;plains;2
5821;226;198;108;land;true;forest;2
5822;207;89;236;land;false;plains;5
5823;192;211;223;land;true;plains;5
5824;232;249;24;land;true;plains;2
5825;249;225;118;land;true;plains;4
5826;157;180;164;land;true;plains;4
5827;248;233;234;land;true;plains;4
5828;138;219;168;land;false;plains;5
5829;134;227;213;land;true;plains;5
5830;226;247;108;land;false;plains;2
5831;96;175;249;land;false;plains;2
5832;222;127;174;land;false;hills;2
5833;231;215;181;land;true;desert;4
5834;157;192;203;land;false;plains;5
5835;229;160;151;land;false;plains;5
5836;228;120;210;land;false;plains;5
5837;234;146;233;land;false;hills;2
5838;194;254;94;land;false;hills;2
5839;130;162;214;land;true;desert;4
5840;185;210;204;land;false;plains;4
5841;238;186;181;land;false;plains;5
5842;202;247;135;land;false;plains;5
5843;214;171;121;land;true;urban;5
5844;147;108;253;land;false;plains;2
5845;158;224;230;land;false;urban;2
5846;243;122;146;land;false;jungle;2
5847;173;130;207;land;true;plains;5
5848;218;156;172;land;true;plains;5
5849;196;156;153;land;false;plains;5
5850;171;213;240;land;false;plains;5
5851;193;185;148;land;false;plains;2
5852;243;203;238;land;false;jungle;2
5853;81;188;244;land;false;plains;5
5854;186;201;210;land;false;jungle;2
5855;165;247;93;land;true;plains;5
5856;218;209;129;land;false;plains;5
5857;154;111;238;land;false;plains;5
5858;209;165;253;land;false;plains;5
5859;246;76;254;land;false;mountain;5
5860;216;161;206;land;false;plains;2
5861;239;244;193;land;true;forest;2
5862;204;154;198;land;false;plains;4
5863;123;246;147;land;true;plains;5
5864;77;184;248;land;false;plains;2
5865;246;190;91;land;false;plains;2
5866;119;213;170;land;true;plains;2
5867;141;247;167;land;false;plains;4
5868;247;58;227;land;true;plains;5
5869;201;243;116;land;false;hills;5
5870;249;253;183;land;false;plains;2
5871;56;224;248;land;false;plains;2
5872;150;234;150;land;true;desert;4
5873;249;217;117;land;false;plains;5
5874;221;104;184;land;false;plains;5
5875;237;222;179;land;false;plains;5
5876;181;207;126;land;false;plains;2
5877;244;222;164;land;false;plains;2
5878;239;176;144;land;false;jungle;2
5879;245;245;11;land;false;plains;4
5880;48;252;234;land;false;plains;5
5881;190;230;197;land;true;mountain;5
5882;222;136;241;land;true;plains;5
5883;210;108;204;land;false;plains;2
5884;245;139;141;land;false;hills;2
5885;238;183;120;land;false;plains;5
5886;124;164;216;land;false;mountain;5
5887;203;85;254;land;true;plains;5
5888;180;185;204;land;true;plains;5
5889;173;202;157;land;false;plains;5
5890;252;144;128;land;false;plains;2
5891;215;223;219;land;false;jungle;2
5892;223;168;126;land;false;plains;4
5893;218;145;232;land;false;plains;5
5894;252;65;216;land;false;plains;5
5895;235;164;232;land;false;plains;5
5896;148;171;228;land;true;plains;5
5897;132;206;210;land;false;plains;2
5898;252;240;176;land;false;plains;2
5899;241;236;196;land;false;jungle;2
5900;232;178;124;land;true;plains;2
5901;191;164;190;land;false;plains;4
5902;241;201;105;land;false;plains;5
5903;151;246;116;land;false;hills;5
5904;89;241;171;land;true;plains;2
5905;126;209;220;land;true;desert;4
5906;207;238;93;land;true;plains;5
5907;204;221;225;land;false;plains;5
5908;142;135;225;land;true;mountain;5
5909;208;191;188;land;false;plains;2
5910;58;220;234;land;false;jungle;2
5911;233;143;146;land;false;hills;5
5912;154;146;228;land;false;plains;2
5913;152;209;182;land;true;forest;2
5914;219;77;233;land;true;plains;4
5915;238;205;251;land;false;plains;5
5916;191;184;193;land;true;mountain;5
5917;229;140;166;land;false;plains;2
5918;239;110;167;land;false;plains;2
5919;172;233;196;land;true;urban;2
5920;140;241;233;land;true;forest;2
5921;236;176;106;land;false;plains;5
5922;245;241;138;land;false;mountain;5
5923;246;182;167;land;true;plains;5
5924;147;221;173;land;false;plains;5
5925;225;222;108;land;false;plains;5
5926;188;224;168;land;false;plains;5
5927;158;202;236;land;true;mountain;5
5928;94;183;235;land;true;plains;2
5929;161;178;170;land;false;plains;2
5930;203;159;241;land;false;plains;4
5931;197;98;242;land;false;desert;4
5932;190;133;251;land;true;plains;4
5933;222;186;114;land;false;plains;5
5934;86;191;242;land;false;hills;5
5935;213;89;229;land;false;plains;5
5936;173;185;183;land;false;plains;5
5937;247;229;87;land;false;plains;5
5938;91;233;202;land;true;mountain;5
5939;193;234;160;land;false;jungle;2
5940;232;199;238;land;false;plains;5
5941;185;178;159;land;false;plains;5
5942;94;238;243;land;false;plains;5
5943;198;202;170;land;false;plains;5
5944;243;26;240;land;false;plains;5
5945;241;112;214;land;false;plains;2
5946;213;189;124;land;false;plains;2
5947;233;61;224;land;false;plains;2
5948;201;231;232;land;true;plains;2
5949;156;133;220;land;false;plains;4
5950;193;237;103;land;true;desert;4
5951;214;132;235;land;true;plains;5
5952;175;166;236;land;false;plains;5
5953;214;108;205;land;false;hills;5
5954;171;178;239;land;false;jungle;2
5955;242;166;160;land;true;forest;2
5956;107;182;252;land;true;desert;4
5957;227;249;219;land;false;jungle;2
5958;163;242;249;land;false;plains;5
5959;215;118;189;land;false;hills;5
5960;228;211;64;land;true;mountain;5
5961;193;200;250;land;false;jungle;2
5962;244;233;87;land;false;plains;5
5963;16;246;242;land;false;jungle;2
5964;239;72;191;land;false;plains;5
5965;204;170;169;land;false;plains;5
5966;238;149;174;land;true;mountain;5
5967;231;253;24;land;false;jungle;2
5968;223;179;129;land;false;plains;5
5969;231;77;240;land;false;plains;5
5970;219;250;228;land;true;mountain;5
5971;108;246;221;land;true;urban;2
5972;68;223;230;land;false;plains;2
5973;201;145;249;land;true;forest;2
5974;176;229;177;land;true;desert;4
5975;232;88;194;land;false;plains;5
5976;219;227;62;land;false;plains;5
5977;223;236;211;land;false;plains;5
5978;164;159;217;land;false;plains;5
5979;184;169;238;land;false;desert;4
5980;232;220;248;land;true;desert;4
5981;226;234;113;land;false;plains;5
5982;198;230;234;land;false;plains;5
5983;213;226;89;land;false;hills;5
5984;241;196;246;land;false;plains;2
5985;141;240;253;land;false;forest;2
5986;113;204;208;land;false;jungle;2
5987;99;241;214;land;false;plains;5
5988;201;117;231;land;false;plains;5
5989;155;190;223;land;false;plains;5
5990;187;145;182;land;false;plains;2
5991;245;252;21;land;false;jungle;2
5992;238;147;170;land;true;desert;4
5993;185;251;94;land;false;plains;5
5994;133;243;218;land;false;plains;5
5995;183;205;133;land;true;plains;2
5996;244;253;201;land;false;plains;2
5997;186;161;226;land;false;hills;5
5998;211;198;216;land;true;mountain;5
5999;155;144;245;land;false;jungle;2
6000;151;219;192;land;false;plains;5
6001;216;241;170;land;false;hills;2
6002;230;223;130;land;false;plains;5
6003;224;148;205;land;false;plains;2
6004;251;161;138;land;false;hills;2
6005;195;192;215;land;true;desert;4
6006;196;249;179;land;false;desert;4
6007;161;248;130;land;false;plains;5
6008;94;238;236;land;false;plains;5
6009;181;157;169;land;true;plains;2
6010;207;253;83;land;false;plains;2
6011;189;250;76;land;false;jungle;2
6012;191;252;80;land;false;jungle;2
6013;229;52;242;land;true;desert;4
6014;196;213;185;land;true;plains;5
6015;220;144;150;land;true;plains;5
6016;181;208;156;land;false;plains;5
6017;243;214;181;land;true;mountain;5
6018;222;156;195;land;false;plains;2
6019;247;181;157;land;false;jungle;2
6020;46;221;240;land;false;jungle;2
6021;230;225;180;land;false;jungle;2
6022;208;239;164;land;true;marsh;2
6023;148;172;239;land;false;plains;5
6024;172;172;243;land;false;plains;5
6025;153;213;143;land;false;plains;2
6026;195;242;142;land;false;plains;5
6027;243;112;239;land;false;jungle;2
6028;246;221;144;land;false;hills;2
6029;252;180;174;land;false;plains;5
6030;184;222;158;land;true;plains;2
6031;252;120;203;land;false;forest;2
6032;52;250;234;land;false;mountain;2
6033;232;191;188;land;true;desert;4
6034;190;191;196;land;false;jungle;2
6035;176;162;179;land;true;plains;2
6036;244;145;153;land;true;desert;4
6037;169;238;183;land;false;plains;5
6038;251;247;247;land;false;jungle;2
6039;244;133;235;land;false;desert;4
6040;98;188;233;land;true;plains;5
6041;198;158;235;land;false;plains;5
6042;134;176;253;land;false;plains;5
6043;236;127;227;land;false;hills;2
6044;127;251;239;land;false;jungle;2
6045;230;39;232;land;true;desert;4
6046;235;138;158;land;false;plains;5
6047;230;181;202;land;true;plains;2
6048;183;200;250;land;false;plains;2
6049;216;183;106;land;false;jungle;2
6050;182;233;94;land;false;jungle;2
6051;63;243;218;land;true;plains;5
6052;222;162;140;land;true;plains;5
6053;112;211;243;land;false;plains;5
6054;250;194;225;land;false;mountain;5
6055;92;240;195;land;false;plains;2
6056;251;210;111;land;false;hills;2
6057;205;172;194;land;false;desert;4
6058;183;233;114;land;true;desert;4
6059;229;114;169;land;true;marsh;2
6060;202;161;226;land;false;desert;4
6061;233;222;164;land;false;plains;5
6062;141;241;194;land;false;desert;4
6063;163;237;218;land;false;plains;5
6064;177;131;212;land;false;plains;5
6065;158;203;163;land;false;plains;5
6066;134;232;185;land;false;plains;2
6067;197;90;240;land;true;urban;2
6068;115;182;206;land;false;jungle;2
6069;187;151;166;land;true;urban;2
6070;79;236;228;land;false;plains;5
6071;240;234;95;land;false;plains;5
6072;227;123;217;land;true;jungle;2
6073;190;233;144;land;true;plains;2
6074;211;163;216;land;false;mountain;2
6075;93;216;193;land;false;forest;2
6076;170;171;209;land;false;plains;5
6077;103;215;237;land;false;plains;5
6078;116;161;224;land;false;forest;2
6079;203;164;198;land;false;jungle;2
6080;230;158;223;land;false;desert;4
6081;201;194;174;land;true;desert;4
6082;89;242;225;land;false;plains;5
6083;240;80;251;land;false;plains;5
6084;211;191;241;land;false;plains;2
6085;204;234;122;land;false;jungle;2
6086;204;219;155;land;false;mountain;2
6087;132;193;230;land;false;mountain;2
6088;100;254;162;land;false;plains;5
6089;144;240;176;land;false;jungle;2
6090;204;176;193;land;false;jungle;2
6091;225;250;172;land;true;plains;5
6092;164;214;152;land;false;plains;5
6093;242;111;161;land;false;plains;5
6094;236;242;188;land;true;mountain;5
6095;195;210;139;land;false;plains;2
6096;115;241;228;land;false;plains;5
6097;225;227;211;land;true;mountain;5
6098;242;176;175;land;false;plains;2
6099;250;212;194;land;false;plains;2
6100;139;228;201;land;false;plains;5
6101;146;193;239;land;false;plains;5
6102;82;252;192;land;false;plains;5
6103;241;232;28;land;false;jungle;2
6104;187;102;246;land;false;mountain;2
6105;152;231;226;land;true;plains;5
6106;231;60;219;land;true;plains;2
6107;190;201;235;land;false;jungle;2
6108;212;87;244;land;false;jungle;2
6109;174;245;252;land;true;forest;2
6110;218;119;254;land;true;desert;4
6111;106;150;248;land;true;desert;4
6112;237;99;208;land;true;mountain;5
6113;246;158;130;land;true;hills;5
6114;159;187;238;land;false;plains;2
6115;199;150;227;land;true;forest;2
6116;82;223;243;land;false;desert;4
6117;122;206;206;land;false;plains;5
6118;206;211;139;land;false;plains;5
6119;98;253;241;land;false;forest;2
6120;226;135;194;land;false;jungle;2
6121;160;253;93;land;false;jungle;2
6122;254;148;125;land;true;plains;5
6123;143;174;238;land;false;plains;5
6124;168;241;102;land;false;plains;5
6125;213;145;230;land;true;forest;2
6126;243;254;120;land;false;mountain;2
6127;184;159;247;land;false;plains;5
6128;160;243;164;land;false;plains;5
6129;218;250;69;land;false;plains;2
6130;249;122;217;land;false;jungle;2
6131;185;243;86;land;false;forest;2
6132;230;147;124;land;true;desert;4
6133;142;254;119;land;false;plains;5
6134;248;244;245;land;true;hills;5
6135;246;247;144;land;false;jungle;2
6136;221;149;162;land;true;desert;4
6137;149;160;211;land;false;plains;5
6138;151;212;209;land;true;plains;5
6139;181;248;84;land;false;plains;2
6140;10;246;254;land;false;hills;2
6141;242;129;201;land;true;plains;5
6142;167;115;253;land;false;plains;5
6143;225;62;217;land;true;urban;2
6144;166;176;237;land;false;jungle;2
6145;120;212;182;land;false;desert;4
6146;247;126;133;land;false;plains;5
6147;206;155;184;land;false;plains;5
6148;136;213;182;land;false;plains;5
6149;106;201;247;land;false;forest;2
6150;221;92;242;land;true;plains;5
6151;137;194;184;land;false;plains;2
6152;166;116;239;land;false;plains;5
6153;134;200;185;land;false;plains;2
6154;243;160;102;land;true;mountain;5
6155;175;228;251;land;true;forest;2
6156;175;156;183;land;false;jungle;2
6157;250;97;205;land;true;desert;4
6158;228;123;166;land;true;desert;4
6159;222;221;64;land;false;plains;5
6160;212;212;101;land;false;plains;5
6161;209;233;59;land;false;jungle;2
6162;137;195;187;land;false;plains;5
6163;106;246;152;land;false;jungle;2
6164;237;67;239;land;true;plains;5
6165;178;105;225;land;false;forest;2
6166;219;99;200;land;false;plains;5
6167;203;252;121;land;true;forest;2
6168;205;81;225;land;true;forest;2
6169;222;184;112;land;false;hills;2
6170;231;95;194;land;true;plains;5
6171;159;100;247;land;false;plains;5
6172;243;97;174;land;true;plains;5
6173;252;225;198;land;true;forest;2
6174;170;217;174;land;true;desert;4
6175;221;152;254;land;true;hills;5
6176;172;217;116;land;false;jungle;2
6177;93;201;227;land;true;forest;2
6178;226;243;153;land;true;plains;5
6179;146;210;236;land;true;plains;5
6180;208;241;54;land;false;jungle;2
6181;247;221;70;land;true;forest;2
6182;243;232;167;land;false;forest;2
6183;187;125;251;land;false;jungle;2
6184;203;77;238;land;false;desert;4
6185;90;235;184;land;false;plains;5
6186;149;227;144;land;false;plains;5
6187;237;217;168;land;false;plains;5
6188;182;252;249;land;true;plains;2
6189;226;254;159;land;true;forest;2
6190;161;224;191;land;true;desert;4
6191;190;232;170;land;true;plains;5
6192;149;226;144;land;true;plains;5
6193;192;84;252;land;true;forest;2
6194;221;223;244;land;false;forest;2
6195;168;170;194;land;false;jungle;2
6196;201;170;183;land;true;forest;2
6197;218;177;187;land;true;desert;4
6198;74;251;192;land;true;plains;5
6199;142;207;180;land;true;plains;5
6200;240;148;180;land;true;forest;2
6201;165;238;253;land;false;jungle;2
6202;175;247;98;land;false;jungle;2
6203;177;232;211;land;true;plains;5
6204;242;38;224;land;false;plains;5
6205;191;172;254;land;true;forest;2
6206;83;246;218;land;true;plains;5
6207;243;148;126;land;true;mountain;5
6208;188;221;115;land;true;hills;5
6209;180;194;161;land;false;jungle;2
6210;195;254;235;land;true;forest;2
6211;203;215;138;land;false;plains;5
6212;185;186;215;land;false;forest;2
6213;179;218;160;land;false;plains;5
6214;158;249;220;land;true;plains;5
6215;37;249;230;land;false;jungle;2
6216;241;155;129;land;true;hills;5
6217;157;170;188;land;false;jungle;2
6218;140;217;192;land;true;desert;4
6219;124;200;222;land;false;jungle;2
6220;155;190;189;land;true;forest;2
6221;138;244;149;land;true;plains;5
6222;130;230;186;land;false;plains;5
6223;143;111;251;land;true;hills;5
6224;168;169;198;land;true;forest;2
6225;216;252;73;land;false;jungle;2
6226;246;243;81;land;false;plains;5
6227;237;167;106;land;true;plains;5
6228;19;243;246;land;false;jungle;2
6229;71;195;244;land;false;jungle;2
6230;253;247;194;land;false;jungle;2
6231;189;233;186;land;false;jungle;2
6232;254;159;132;land;true;hills;5
6233;217;124;238;land;false;jungle;2
6234;254;119;184;land;false;jungle;2
6235;87;253;197;land;true;plains;5
6236;214;110;213;land;false;plains;5
6237;253;230;187;land;true;jungle;2
6238;102;198;245;land;false;jungle;2
6239;236;200;147;land;false;desert;4
6240;247;197;91;land;true;plains;5
6241;145;245;135;land;false;plains;5
6242;242;26;246;land;false;plains;5
6243;231;186;212;land;true;plains;5
6244;189;135;235;land;true;forest;2
6245;224;211;212;land;false;jungle;2
6246;212;195;224;land;false;jungle;2
6247;86;229;226;land;false;plains;5
6248;232;196;163;land;true;jungle;2
6249;62;236;249;land;true;desert;4
6250;107;221;201;land;false;plains;5
6251;97;172;241;land;false;plains;5
6252;129;170;210;land;true;plains;5
6253;67;216;243;land;false;jungle;2
6254;226;151;124;land;false;desert;4
6255;158;232;167;land;true;plains;5
6256;183;215;218;land;true;plains;5
6257;251;108;223;land;true;plains;5
6258;186;253;191;land;true;plains;5
6259;162;127;249;land;false;jungle;2
6260;89;215;208;land;true;desert;4
6261;176;122;208;land;false;plains;5
6262;123;207;233;land;false;plains;5
6263;247;186;217;land;false;jungle;2
6264;226;196;188;land;true;plains;5
6265;182;114;223;land;true;desert;4
6266;243;156;154;land;true;desert;4
6267;238;211;182;land;false;jungle;2
6268;206;149;211;land;false;forest;2
6269;109;211;181;land;false;jungle;2
6270;17;246;238;land;true;plains;5
6271;221;191;107;land;false;plains;5
6272;183;182;240;land;true;jungle;2
6273;237;63;239;land;true;desert;4
6274;176;182;249;land;true;plains;5
6275;98;156;250;land;false;plains;5
6276;205;253;238;land;false;plains;5
6277;243;187;138;land;true;plains;5
6278;242;218;135;land;false;plains;5
6279;210;225;147;land;true;desert;4
6280;145;166;192;land;false;plains;5
6281;169;176;187;land;true;plains;5
6282;215;208;100;land;true;plains;2
6283;41;251;210;land;true;desert;4
6284;177;107;244;land;true;desert;4
6285;246;127;210;land;true;plains;5
6286;200;252;111;land;true;plains;5
6287;238;192;186;land;false;plains;5
6288;212;178;175;land;true;plains;5
6289;191;214;123;land;true;plains;5
6290;229;128;196;land;true;plains;5
6291;228;146;170;land;false;plains;5
6292;242;230;180;land;true;desert;4
6293;167;246;144;land;true;desert;4
6294;219;226;69;land;true;plains;5
6295;230;92;237;land;false;plains;5
6296;203;253;51;land;true;plains;5
6297;182;119;249;land;false;plains;5
6298;230;250;50;land;false;plains;5
6299;189;205;107;land;true;forest;2
6300;251;106;246;land;false;jungle;2
6301;249;239;148;land;false;plains;2
6302;152;236;190;land;true;jungle;2
6303;131;186;235;land;true;plains;5
6304;238;123;188;land;false;plains;5
6305;173;82;246;land;true;plains;5
6306;132;134;243;land;false;plains;5
6307;247;171;203;land;true;plains;5
6308;228;173;110;land;true;plains;2
6309;231;223;217;land;false;plains;5
6310;196;246;201;land;false;plains;5
6311;178;245;138;land;true;plains;5
6312;234;192;141;land;false;jungle;2
6313;136;254;238;land;true;desert;4
6314;168;171;202;land;true;urban;5
6315;62;224;227;land;true;plains;5
6316;222;76;221;land;false;jungle;2
6317;209;89;236;land;true;plains;5
6318;218;238;198;land;false;plains;5
6319;222;210;153;land;true;forest;2
6320;237;196;90;land;false;plains;5
6321;208;203;119;land;false;plains;5
6322;134;214;230;land;true;plains;5
6323;220;186;124;land;false;jungle;2
6324;179;158;202;land;true;urban;2
6325;252;55;253;land;true;plains;5
6326;173;209;195;land;true;plains;5
6327;181;219;106;land;true;plains;5
6328;254;197;125;land;true;plains;5
6329;235;227;123;land;false;plains;5
6330;135;172;195;land;false;plains;5
6331;240;219;201;land;false;plains;5
6332;206;87;247;land;true;plains;2
6333;209;95;228;land;true;plains;5
6334;137;131;250;land;true;desert;4
6335;247;239;245;land;true;desert;4
6336;158;133;220;land;false;plains;5
6337;59;204;245;land;true;plains;5
6338;187;191;134;land;true;plains;5
6339;235;215;168;land;true;desert;4
6340;92;202;210;land;false;plains;5
6341;74;232;209;land;false;jungle;2
6342;149;220;214;land;false;plains;5
6343;230;187;105;land;true;plains;5
6344;190;144;232;land;false;jungle;2
6345;158;117;235;land;true;jungle;2
6346;214;107;216;land;false;plains;5
6347;228;79;249;land;false;plains;5
6348;190;178;171;land;true;plains;5
6349;239;203;62;land;true;plains;2
6350;203;195;198;land;false;jungle;2
6351;81;202;219;land;false;jungle;2
6352;147;226;137;land;true;jungle;2
6353;105;226;181;land;true;desert;4
6354;186;82;243;land;true;plains;5
6355;238;252;41;land;true;plains;5
6356;47;242;248;land;false;plains;5
6357;171;254;249;land;false;plains;5
6358;195;247;152;land;false;plains;5
6359;224;147;136;land;true;jungle;2
6360;177;214;143;land;false;plains;5
6361;251;219;169;land;false;jungle;2
6362;191;116;206;land;false;hills;5
6363;131;203;243;land;true;plains;5
6364;224;237;175;land;true;plains;5
6365;134;198;231;land;true;plains;5
6366;223;172;235;land;false;plains;5
6367;205;164;251;land;false;jungle;2
6368;199;254;157;land;false;plains;5
6369;218;125;221;land;false;jungle;2
6370;253;219;232;land;false;plains;5
6371;145;127;246;land;true;plains;5
6372;253;98;248;land;false;jungle;2
6373;160;172;188;land;true;plains;2
6374;83;186;233;land;false;plains;5
6375;200;207;215;land;true;plains;5
6376;220;185;188;land;false;jungle;2
6377;219;228;246;land;false;jungle;2
6378;127;228;154;land;false;plains;5
6379;172;78;251;land;false;plains;5
6380;165;160;237;land;false;plains;5
6381;236;251;252;land;false;plains;5
6382;196;175;199;land;true;forest;2
6383;183;204;121;land;true;plains;5
6384;172;124;231;land;true;plains;5
6385;173;208;129;land;false;plains;5
6386;202;189;128;land;false;plains;5
6387;189;102;226;land;true;plains;2
6388;237;138;240;land;false;plains;5
6389;191;182;157;land;false;jungle;2
6390;184;238;253;land;false;plains;5
6391;149;157;212;land;false;plains;5
6392;179;246;90;land;true;plains;5
6393;185;107;220;land;false;plains;5
6394;233;98;185;land;false;plains;5
6395;250;90;252;land;false;plains;5
6396;148;229;179;land;false;jungle;2
6397;176;162;222;land;false;plains;5
6398;201;195;190;land;true;forest;2
6399;156;209;229;land;true;plains;5
6400;244;214;110;land;true;plains;5
6401;173;207;139;land;false;plains;5
6402;243;132;147;land;false;jungle;2
6403;188;78;249;land;true;plains;2
6404;252;64;210;land;true;plains;2
6405;229;237;86;land;false;jungle;2
6406;96;245;202;land;false;plains;5
6407;219;90;208;land;true;plains;5
6408;212;143;205;land;false;forest;2
6409;231;93;224;land;true;plains;5
6410;219;248;46;land;false;plains;5
6411;245;250;226;land;true;jungle;2
6412;114;223;182;land;true;plains;5
6413;150;197;163;land;false;plains;5
6414;110;228;190;land;true;plains;5
6415;103;226;239;land;true;plains;5
6416;181;231;109;land;false;forest;2
6417;253;243;17;land;false;jungle;2
6418;207;201;161;land;true;plains;5
6419;202;250;161;land;false;plains;5
6420;111;195;202;land;false;plains;5
6421;247;237;23;land;false;plains;5
6422;229;141;187;land;false;plains;5
6423;218;224;202;land;true;plains;5
6424;84;245;204;land;true;jungle;2
6425;185;234;139;land;true;forest;2
6426;122;173;208;land;true;jungle;2
6427;220;214;212;land;true;jungle;2
6428;224;154;239;land;true;plains;5
6429;130;142;234;land;true;forest;2
6430;161;221;220;land;true;plains;5
6431;235;241;164;land;false;plains;5
6432;228;217;152;land;false;plains;5
6433;214;253;84;land;true;forest;2
6434;219;236;118;land;false;plains;5
6435;250;179;215;land;true;jungle;2
6436;72;233;225;land;false;jungle;2
6437;246;215;203;land;true;jungle;2
6438;246;91;209;land;false;plains;5
6439;236;193;101;land;false;plains;5
6440;161;154;241;land;true;plains;5
6441;246;68;241;land;true;jungle;2
6442;58;232;225;land;false;plains;5
6443;214;251;106;land;false;jungle;2
6444;242;185;249;land;true;plains;5
6445;101;243;252;land;true;jungle;2
6446;84;233;191;land;true;forest;2
6447;243;122;244;land;false;plains;5
6448;175;194;200;land;true;plains;5
6449;203;239;135;land;false;plains;5
6450;236;157;113;land;false;plains;5
6451;234;249;41;land;false;plains;5
6452;179;253;109;land;true;plains;5
6453;188;203;214;land;true;plains;5
6454;245;244;221;land;true;plains;5
6455;139;244;161;land;false;plains;5
6456;244;165;147;land;true;plains;5
6457;152;252;102;land;true;forest;2
6458;192;174;170;land;true;jungle;2
6459;177;160;246;land;true;forest;2
6460;246;222;69;land;false;plains;5
6461;196;227;191;land;true;jungle;2
6462;209;116;231;land;true;plains;5
6463;137;248;206;land;false;plains;5
6464;224;108;225;land;false;plains;5
6465;102;215;209;land;true;plains;5
6466;199;136;170;land;false;plains;5
6467;153;160;195;land;false;plains;5
6468;195;171;239;land;true;plains;5
6469;116;147;250;land;false;plains;5
6470;185;144;230;land;false;plains;5
6471;154;229;186;land;false;plains;5
6472;198;198;143;land;false;plains;5
6473;203;195;162;land;false;plains;5
6474;193;229;252;land;true;plains;5
6475;164;242;167;land;true;plains;5
6476;190;167;192;land;true;plains;5
6477;58;251;244;land;false;plains;5
6478;150;186;249;land;true;plains;5
6479;220;198;130;land;true;plains;5
6480;113;223;179;land;true;plains;2
6481;237;226;153;land;true;plains;5
6482;196;235;80;land;true;jungle;2
6483;112;244;240;land;true;plains;5
6484;165;239;121;land;false;plains;5
6485;248;208;180;land;true;plains;5
6486;157;143;223;land;true;plains;5
6487;186;232;130;land;true;plains;5
6488;95;200;242;land;true;plains;5
6489;128;179;197;land;true;plains;5
6490;242;218;241;land;true;plains;2
6491;194;71;247;land;true;plains;5
6492;82;230;202;land;true;plains;5
6493;167;155;219;land;true;plains;5
6494;242;114;224;land;true;plains;5
6495;190;229;162;land;true;plains;5
6496;173;134;198;land;true;jungle;2
6497;249;209;118;land;true;jungle;2
6498;204;198;171;land;true;jungle;2
6499;198;133;184;land;true;jungle;2
6500;252;39;244;land;true;jungle;2
6501;206;146;209;land;true;plains;2
6502;232;84;226;land;true;jungle;2
6503;241;194;224;land;true;jungle;2
6504;198;187;119;land;true;jungle;2
6505;190;196;181;land;true;jungle;2
6506;236;195;143;land;true;jungle;2
6507;215;158;141;land;true;plains;2
6508;239;195;135;land;true;plains;2
6509;209;208;107;land;true;plains;2
6510;225;77;203;land;true;plains;3
6511;162;201;225;land;true;plains;2
6512;63;246;222;land;true;plains;2
6513;206;158;137;land;true;plains;2
6514;179;207;187;land;true;plains;2
6515;117;203;193;land;true;plains;2
6516;247;43;233;land;true;plains;2
6517;83;253;201;land;true;plains;2
6518;206;86;246;land;true;plains;2
6519;87;233;217;land;true;plains;3
6520;205;190;112;land;true;plains;2
6521;232;206;189;land;true;plains;3
6522;250;233;32;land;true;plains;2
6523;138;251;229;land;true;plains;3
6524;243;120;143;land;true;plains;3
6525;249;94;225;land;true;plains;2
6526;195;129;247;land;true;plains;5
6527;136;198;214;land;true;plains;3
6528;111;192;214;land;true;plains;2
6529;227;64;254;land;true;plains;2
6530;165;138;199;land;true;plains;2
6531;180;138;231;land;true;plains;5
6532;228;232;109;land;true;plains;2
6533;151;251;118;land;true;plains;2
6534;172;204;147;land;true;plains;2
6535;130;246;230;land;true;plains;5
6536;178;191;193;land;true;plains;2
6537;126;247;185;land;true;plains;5
6538;242;252;103;land;true;plains;5
6539;249;215;155;land;true;plains;2
6540;236;154;114;land;true;plains;2
6541;134;254;154;land;true;plains;2
6542;119;165;220;land;true;plains;2
6543;194;194;120;land;true;plains;3
6544;125;206;195;land;true;plains;2
6545;145;165;229;land;true;plains;2
6546;144;237;148;land;true;plains;2
6547;107;209;195;land;true;plains;2
6548;220;231;160;land;true;plains;2
6549;242;142;250;land;true;plains;2
6550;111;226;189;land;true;plains;2
6551;210;224;146;land;true;plains;2
6552;41;242;243;land;true;plains;2
6553;236;250;234;land;true;plains;2
6554;229;153;176;land;true;plains;2
6555;177;181;207;land;true;plains;2
6556;204;249;72;land;true;plains;2
6557;221;212;85;land;true;plains;2
6558;70;225;222;land;true;plains;5
6559;234;171;169;land;true;plains;2
6560;200;202;215;land;true;plains;2
6561;250;249;244;land;true;plains;2
6562;164;254;125;land;true;plains;2
6563;253;249;134;land;true;plains;5
6564;249;166;191;land;true;plains;2
6565;135;197;188;land;true;plains;2
6566;195;246;83;land;true;plains;2
6567;160;214;164;land;true;plains;2
6568;222;208;205;land;true;plains;5
6569;140;150;223;land;true;plains;2
6570;106;218;211;land;true;plains;2
6571;122;199;245;land;true;plains;5
6572;219;192;244;land;true;plains;2
6573;228;171;185;land;true;plains;2
6574;231;213;141;land;true;plains;2
6575;206;196;147;land;true;plains;2
6576;97;178;251;land;true;plains;2
6577;218;252;132;land;true;plains;2
6578;251;203;189;land;true;plains;5
6579;105;149;251;land;true;plains;2
6580;235;51;254;land;true;plains;2
6581;225;45;240;land;true;plains;2
6582;208;184;133;land;true;plains;5
6583;234;235;123;land;true;plains;2
6584;194;187;132;land;true;plains;2
6585;254;125;234;land;true;plains;2
6586;208;85;250;land;true;plains;2
6587;210;198;239;land;true;plains;3
6588;235;251;38;land;true;plains;3
6589;230;181;165;land;true;plains;5
6590;210;234;65;land;false;forest;5
6591;173;253;80;land;true;plains;3
6592;229;226;101;land;true;plains;5
6593;118;235;230;land;true;plains;3
6594;239;184;250;land;true;plains;3
6595;78;252;185;land;true;plains;5
6596;188;78;235;land;true;plains;5
6597;69;244;236;land;true;plains;2
6598;134;196;243;land;true;plains;5
6599;203;195;104;land;true;plains;5
6600;122;248;249;land;true;plains;2
6601;244;172;167;land;false;plains;3
6602;153;227;162;land;true;plains;3
6603;212;179;179;land;true;plains;5
6604;184;204;237;land;true;plains;3
6605;200;229;115;land;true;plains;3
6606;130;225;181;land;true;plains;3
6607;239;141;157;land;true;plains;3
6608;182;92;228;land;true;plains;5
6609;222;208;87;land;true;plains;2
6610;247;217;176;land;true;plains;3
6611;185;182;233;land;true;plains;3
6612;58;253;237;land;true;plains;2
6613;226;240;199;land;true;plains;3
6614;238;96;209;land;true;plains;3
6615;123;242;204;land;true;plains;3
6616;165;186;224;land;true;plains;3
6617;244;159;144;land;true;plains;3
6618;246;139;154;land;true;plains;3
6619;227;254;213;land;true;plains;3
6620;237;190;231;land;true;plains;5
6621;248;178;241;land;true;plains;2
6622;111;197;236;land;true;plains;3
6623;212;148;201;land;true;plains;3
6624;238;171;151;land;true;plains;5
6625;240;188;200;land;true;plains;2
6626;83;237;254;land;true;plains;2
6627;179;200;207;land;true;plains;3
6628;98;244;227;land;true;plains;2
6629;114;220;207;land;true;plains;2
6630;226;219;91;land;true;plains;3
6631;224;158;245;land;true;plains;2
6632;223;179;134;land;true;plains;2
6633;136;147;235;land;true;plains;2
6634;232;203;153;land;true;plains;3
6635;199;103;228;land;true;plains;2
6636;153;213;138;land;true;desert;3
6637;219;201;224;land;true;plains;5
6638;248;172;179;land;true;plains;3
6639;199;199;173;land;true;plains;2
6640;246;206;113;land;true;plains;3
6641;131;181;213;land;true;plains;3
6642;245;86;239;land;true;plains;2
6643;67;230;211;land;true;plains;5
6644;37;237;233;land;true;plains;3
6645;190;191;240;land;true;plains;5
6646;244;207;184;land;true;plains;5
6647;188;178;205;land;true;plains;5
6648;245;114;190;land;true;plains;2
6649;210;243;120;land;true;plains;2
6650;97;229;198;land;true;plains;2
6651;175;247;225;land;true;plains;2
6652;102;250;254;land;true;plains;2
6653;245;118;194;land;true;plains;3
6654;230;167;186;land;true;plains;3
6655;241;145;211;land;true;plains;3
6656;207;222;120;land;true;plains;3
6657;207;177;139;land;true;plains;3
6658;217;152;239;land;true;plains;2
6659;198;175;228;land;true;plains;2
6660;135;236;185;land;true;plains;5
6661;170;203;174;land;true;plains;2
6662;209;252;162;land;true;plains;5
6663;79;210;234;land;true;plains;2
6664;222;184;199;land;true;plains;3
6665;93;181;229;land;true;plains;3
6666;40;221;248;land;true;plains;5
6667;108;168;225;land;true;plains;5
6668;237;159;168;land;true;plains;5
6669;215;190;187;land;true;plains;3
6670;244;71;218;land;true;plains;2
6671;206;87;233;land;true;plains;2
6672;239;150;157;land;true;plains;2
6673;185;170;239;land;true;plains;5
6674;182;236;222;land;true;plains;3
6675;251;146;136;land;true;plains;3
6676;162;229;171;land;true;plains;2
6677;238;218;173;land;true;plains;3
6678;162;215;249;land;true;plains;5
6679;107;194;201;land;true;plains;3
6680;185;164;175;land;true;plains;2
6681;224;236;247;land;true;plains;2
6682;246;193;197;land;true;plains;2
6683;139;148;247;land;true;plains;3
6684;36;249;236;land;true;plains;3
6685;232;212;105;land;true;plains;5
6686;215;199;250;land;true;plains;2
6687;208;225;178;land;true;plains;2
6688;183;235;184;land;true;plains;2
6689;240;65;210;land;true;plains;5
6690;237;242;72;land;true;plains;2
6691;140;228;224;land;true;plains;5
6692;156;201;171;land;true;plains;3
6693;198;131;174;land;true;plains;2
6694;137;175;245;land;true;plains;2
6695;219;166;138;land;true;plains;3
6696;86;226;223;land;true;plains;5
6697;226;221;153;land;true;plains;2
6698;139;142;225;land;true;plains;2
6699;88;223;204;land;true;plains;5
6700;173;173;238;land;true;plains;5
6701;171;245;240;land;true;plains;5
6702;105;197;220;land;true;plains;5
6703;236;145;166;land;true;plains;3
6704;47;251;224;land;true;plains;3
6705;106;202;200;land;true;plains;5
6706;174;211;124;land;true;plains;5
6707;208;113;198;land;true;plains;2
6708;236;148;238;land;true;plains;3
6709;132;219;206;land;true;plains;3
6710;206;225;248;land;true;plains;5
6711;232;86;230;land;true;plains;2
6712;183;234;150;land;true;plains;5
6713;210;231;112;land;true;plains;2
6714;209;131;234;land;true;plains;5
6715;228;250;233;land;true;plains;5
6716;220;254;163;land;true;plains;5
6717;253;247;216;land;true;plains;2
6718;253;225;234;land;true;plains;2
6719;133;240;185;land;true;plains;2
6720;221;243;176;land;true;plains;2
6721;249;226;205;land;true;plains;2
6722;245;128;218;land;true;plains;3
6723;214;250;188;land;true;plains;2
6724;73;254;229;land;true;desert;2
6725;128;201;212;land;true;plains;5
6726;212;231;91;land;true;plains;2
6727;200;232;191;land;true;plains;2
6728;184;222;218;land;true;plains;2
6729;208;127;226;land;true;desert;2
6730;182;198;188;land;true;plains;2
6731;153;212;254;land;true;plains;2
6732;253;169;232;land;true;plains;2
6733;211;188;249;land;true;plains;5
6734;240;251;221;land;true;plains;5
6735;228;222;230;land;true;plains;5
6736;246;188;69;land;true;plains;5
6737;222;240;132;land;true;plains;5
6738;161;219;236;land;true;plains;5
6739;253;191;74;land;true;plains;2
6740;151;125;230;land;true;plains;5
6741;176;199;130;land;true;plains;5
6742;198;129;189;land;true;plains;2
6743;231;248;30;land;true;plains;5
6744;193;247;108;land;true;plains;2
6745;173;226;155;land;true;plains;5
6746;216;192;113;land;true;plains;5
6747;243;234;215;land;true;plains;5
6748;156;171;188;land;true;plains;5
6749;249;135;194;land;true;desert;2
6750;217;156;139;land;true;plains;5
6751;219;152;135;land;false;plains;2
6752;227;119;215;land;true;desert;2
6753;213;252;132;land;false;plains;2
6754;204;205;229;land;true;plains;5
6755;235;204;110;land;false;plains;2
6756;165;219;181;land;true;plains;5
6757;129;186;189;land;true;plains;5
6758;151;218;145;land;true;plains;2
6759;196;167;248;land;true;desert;2
6760;106;215;232;land;false;plains;2
6761;245;228;100;land;true;plains;2
6762;210;112;214;land;false;plains;2
6763;209;205;111;land;true;plains;2
6764;127;144;248;land;true;plains;2
6765;104;182;245;land;true;plains;5
6766;245;200;142;land;true;plains;2
6767;119;248;190;land;true;plains;2
6768;230;169;168;land;true;plains;5
6769;227;55;228;land;true;plains;5
6770;227;223;95;land;true;plains;5
6771;172;223;209;land;true;plains;5
6772;202;103;245;land;true;plains;5
6773;158;208;254;land;true;plains;5
6774;179;249;236;land;true;plains;5
6775;207;230;100;land;true;plains;2
6776;156;213;176;land;true;plains;2
6777;133;179;192;land;true;plains;2
6778;198;78;239;land;true;plains;2
6779;237;200;204;land;true;plains;5
6780;249;32;239;land;true;plains;2
6781;229;124;248;land;true;plains;2
6782;234;201;219;land;true;plains;5
6783;150;195;169;land;true;plains;5
6784;254;201;222;land;true;plains;5
6785;248;170;164;land;true;plains;2
6786;185;168;221;land;true;plains;2
6787;160;199;204;land;true;plains;5
6788;208;230;92;land;true;plains;2
6789;229;217;81;land;true;plains;5
6790;243;117;174;land;true;plains;2
6791;139;241;164;land;true;plains;2
6792;189;192;197;land;true;plains;5
6793;176;220;136;land;true;plains;2
6794;200;243;215;land;true;plains;2
6795;77;207;252;land;true;plains;2
6796;138;194;169;land;true;desert;5
6797;222;230;151;land;true;plains;5
6798;252;117;158;land;true;plains;5
6799;102;231;223;land;true;plains;5
6800;204;214;136;land;true;plains;5
6801;240;156;206;land;true;plains;5
6802;145;146;249;land;true;plains;5
6803;172;169;241;land;true;plains;2
6804;226;216;125;land;true;forest;2
6805;227;251;181;land;true;forest;2
6806;238;188;185;land;true;plains;4
6807;252;224;156;land;true;plains;2
6808;246;67;254;land;true;plains;5
6809;136;252;202;land;true;plains;5
6810;171;252;102;land;true;plains;5
6811;119;187;247;land;true;plains;5
6812;200;214;221;land;true;plains;2
6813;249;135;221;land;true;mountain;2
6814;249;184;190;land;true;plains;5
6815;235;182;199;land;true;plains;4
6816;205;189;243;land;true;plains;5
6817;181;168;180;land;true;plains;5
6818;236;45;251;land;true;plains;5
6819;193;129;206;land;true;desert;4
6820;235;75;210;land;true;plains;4
6821;43;249;213;land;true;plains;4
6822;179;231;125;land;true;plains;5
6823;126;218;253;land;true;plains;5
6824;202;122;215;land;true;plains;5
6825;201;215;224;land;true;plains;5
6826;215;131;232;land;true;plains;5
6827;180;233;159;land;true;plains;5
6828;213;211;96;land;true;plains;5
6829;194;227;252;land;true;plains;5
6830;230;132;186;land;true;plains;5
6831;151;214;190;land;true;plains;4
6832;179;131;201;land;true;plains;4
6833;246;163;229;land;true;plains;5
6834;239;123;171;land;true;desert;4
6835;158;216;169;land;true;plains;5
6836;196;187;229;land;true;plains;4
6837;187;109;222;land;true;plains;4
6838;236;227;85;land;true;plains;5
6839;241;252;90;land;true;plains;5
6840;253;111;197;land;true;plains;5
6841;142;237;159;land;true;plains;5
6842;240;192;176;land;true;plains;5
6843;182;187;204;land;true;plains;2
6844;155;205;238;land;true;plains;5
6845;163;240;200;land;true;plains;5
6846;174;219;164;land;true;plains;5
6847;101;245;163;land;true;plains;5
6848;176;172;232;land;true;plains;5
6849;158;225;157;land;true;plains;5
6850;66;218;237;land;true;plains;5
6851;228;230;172;land;true;plains;5
6852;234;140;211;land;true;desert;4
6853;172;249;189;land;true;plains;5
6854;157;152;205;land;true;plains;5
6855;166;219;247;land;true;plains;5
6856;193;234;249;land;true;plains;5
6857;164;191;162;land;true;plains;5
6858;183;223;158;land;true;plains;5
6859;225;127;202;land;true;plains;5
6860;77;190;248;land;true;plains;5
6861;85;187;253;land;true;plains;5
6862;240;190;136;land;true;plains;5
6863;114;249;181;land;true;jungle;2
6864;240;59;252;land;true;jungle;2
6865;171;104;245;land;true;jungle;2
6866;234;240;250;land;true;jungle;2
6867;253;40;250;land;true;plains;5
6868;204;214;214;land;true;jungle;2
6869;249;120;254;land;true;jungle;2
6870;232;220;72;land;true;jungle;2
6871;228;126;182;land;true;plains;5
6872;216;248;146;land;true;desert;4
6873;31;251;226;land;true;plains;5
6874;226;231;83;land;true;plains;4
6875;250;244;110;land;true;jungle;2
6876;248;203;90;land;true;plains;5
6877;213;234;106;land;true;jungle;5
6878;209;177;229;land;true;desert;4
6879;253;55;238;land;true;plains;5
6880;176;198;254;land;true;plains;5
6881;129;239;155;land;true;jungle;2
6882;236;208;203;land;true;plains;5
6883;195;146;234;land;true;jungle;2
6884;245;59;249;land;true;plains;5
6885;232;183;223;land;true;plains;2
6886;122;238;166;land;true;plains;2
6887;254;201;166;land;true;plains;5
6888;222;208;202;land;true;plains;5
6889;209;179;223;land;true;jungle;2
6890;212;146;180;land;true;plains;5
6891;171;182;167;land;true;jungle;2
6892;233;196;222;land;true;plains;2
6893;205;138;165;land;true;jungle;2
6894;208;198;224;land;true;desert;4
6895;202;243;206;land;true;plains;4
6896;229;86;207;land;true;plains;5
6897;147;249;140;land;true;jungle;2
6898;47;222;233;land;true;plains;2
6899;188;244;240;land;true;plains;4
6900;200;239;130;land;true;plains;2
6901;226;166;240;land;true;jungle;2
6902;127;223;181;land;true;plains;4
6903;229;149;161;land;true;plains;5
6904;221;63;236;land;true;plains;2
6905;224;236;182;land;true;jungle;2
6906;216;93;218;land;true;plains;4
6907;212;243;158;land;true;jungle;2
6908;252;182;138;land;true;jungle;2
6909;219;55;237;land;true;jungle;2
6910;113;241;172;land;true;plains;5
6911;196;205;114;land;true;jungle;2
6912;143;233;200;land;true;jungle;2
6913;213;153;159;land;true;plains;4
6914;243;89;180;land;true;jungle;2
6915;164;192;157;land;true;jungle;2
6916;237;149;124;land;true;jungle;2
6917;172;248;84;land;true;jungle;2
6918;213;235;139;land;true;jungle;2
6919;79;224;242;land;true;jungle;2
6920;189;241;111;land;true;jungle;2
6921;251;234;241;land;true;jungle;2
6922;225;249;240;land;true;jungle;2
6923;219;213;117;land;true;plains;4
6924;103;249;185;land;true;jungle;2
6925;224;105;253;land;true;jungle;2
6926;212;237;109;land;true;plains;2
6927;244;216;63;land;true;jungle;2
6928;182;160;201;land;true;jungle;2
6929;103;227;193;land;true;jungle;2
6930;129;244;134;land;true;plains;5
6931;228;196;117;land;true;jungle;2
6932;202;87;220;land;true;jungle;2
6933;217;234;130;land;true;jungle;2
6934;248;242;50;land;true;jungle;2
6935;191;202;135;land;true;jungle;2
6936;242;237;250;land;true;jungle;2
6937;249;221;104;land;true;jungle;2
6938;177;207;158;land;true;jungle;2
6939;218;252;209;land;true;plains;2
6940;175;179;226;land;true;jungle;2
6941;146;209;199;land;true;jungle;2
6942;219;197;122;land;true;jungle;2
6943;247;146;147;land;true;jungle;2
6944;189;139;223;land;true;jungle;2
6945;244;206;147;land;true;jungle;2
6946;165;148;190;land;true;jungle;2
6947;237;111;185;land;true;jungle;2
6948;230;251;215;land;true;jungle;2
6949;197;138;243;land;true;jungle;2
6950;230;97;176;land;true;jungle;2
6951;183;171;195;land;true;plains;5
6952;131;248;234;land;true;jungle;2
6953;58;251;203;land;true;jungle;2
6954;165;252;167;land;true;plains;2
6955;202;239;118;land;true;jungle;2
6956;236;118;174;land;true;jungle;2
6957;180;234;232;land;true;jungle;2
6958;157;215;234;land;true;jungle;2
6959;156;240;118;land;true;jungle;2
6960;97;249;225;land;true;jungle;2
6961;210;129;175;land;true;jungle;2
6962;246;228;227;land;true;jungle;2
6963;177;229;156;land;true;jungle;2
6964;200;159;161;land;true;jungle;2
6965;207;214;94;land;true;jungle;2
6966;113;151;243;land;true;plains;2
6967;246;82;200;land;true;jungle;2
6968;229;199;127;land;true;plains;2
6969;92;236;212;land;true;jungle;2
6970;224;35;248;land;true;jungle;2
6971;232;59;236;land;true;plains;2
6972;245;13;244;land;true;plains;2
6973;124;254;254;land;true;plains;2
6974;205;149;212;land;true;jungle;2
6975;135;195;212;land;true;plains;2
6976;139;176;195;land;true;jungle;2
6977;227;101;195;land;true;jungle;2
6978;144;199;200;land;true;jungle;2
6979;138;194;213;land;true;jungle;2
6980;170;246;142;land;true;jungle;2
6981;135;239;127;land;true;jungle;2
6982;110;157;238;land;true;jungle;2
6983;175;203;235;land;true;jungle;2
6984;180;234;222;land;true;jungle;2
6985;218;169;187;land;true;jungle;2
6986;247;94;240;land;true;plains;2
6987;233;132;147;land;true;plains;2
6988;212;81;239;land;true;plains;2
6989;194;140;195;land;true;plains;2
6990;106;149;251;land;true;plains;2
6991;223;240;250;land;true;plains;2
6992;218;237;219;land;true;plains;2
6993;209;227;116;land;true;urban;2
6994;175;164;175;land;true;hills;2
6995;28;37;34;sea;false;ocean;0
6996;18;60;8;sea;false;ocean;0
6997;10;13;1;sea;false;ocean;0
6998;32;20;40;sea;false;ocean;0
6999;21;42;18;sea;false;ocean;0
7000;6;0;13;sea;false;ocean;0
7001;7;41;42;sea;false;ocean;0
7002;6;0;56;sea;true;ocean;0
7003;2;25;1;sea;false;ocean;0
7004;10;9;10;sea;false;ocean;0
7005;6;46;13;sea;false;ocean;0
7006;32;30;13;sea;false;ocean;0
7007;0;57;35;sea;false;ocean;0
7008;21;2;52;sea;false;ocean;0
7009;80;2;7;sea;false;ocean;0
7010;9;38;4;sea;false;ocean;0
7011;62;26;7;sea;false;ocean;0
7012;91;2;3;sea;false;ocean;0
7013;26;23;15;sea;false;ocean;0
7014;9;14;24;sea;false;ocean;0
7015;51;11;32;sea;false;ocean;0
7016;45;23;3;sea;false;ocean;0
7017;17;21;1;sea;false;ocean;0
7018;8;14;14;sea;false;ocean;0
7019;20;4;29;sea;false;ocean;0
7020;55;36;8;sea;true;ocean;0
7021;40;20;39;sea;false;ocean;0
7022;4;33;50;sea;false;ocean;0
7023;16;30;3;sea;false;ocean;0
7024;25;7;28;sea;false;ocean;0
7025;31;18;16;sea;false;ocean;0
7026;56;6;32;sea;false;ocean;0
7027;8;8;43;sea;false;ocean;0
7028;67;18;1;sea;false;ocean;0
7029;1;48;19;sea;false;ocean;0
7030;23;25;14;sea;false;ocean;0
7031;43;42;12;sea;true;ocean;0
7032;39;24;9;sea;true;ocean;0
7033;7;7;66;sea;true;ocean;0
7034;31;49;0;sea;false;ocean;0
7035;47;16;36;sea;false;ocean;0
7036;46;7;21;sea;false;ocean;0
7037;0;12;17;sea;false;ocean;0
7038;1;41;32;sea;false;ocean;0
7039;6;30;41;sea;false;ocean;0
7040;51;27;0;sea;false;ocean;0
7041;27;11;50;sea;false;ocean;0
7042;15;32;9;sea;false;ocean;0
7043;19;54;22;sea;false;ocean;0
7044;35;35;23;sea;false;ocean;0
7045;21;5;71;sea;false;ocean;0
7046;27;37;27;sea;false;ocean;0
7047;33;5;50;sea;false;ocean;0
7048;27;14;52;sea;false;ocean;0
7049;37;14;44;sea;false;ocean;0
7050;5;17;30;sea;false;ocean;0
7051;3;8;8;sea;false;ocean;0
7052;54;7;21;sea;false;ocean;0
7053;28;1;66;sea;false;ocean;0
7054;43;8;25;sea;false;ocean;0
7055;4;5;49;sea;false;ocean;0
7056;2;26;65;sea;false;ocean;0
7057;23;66;4;sea;true;ocean;0
7058;56;23;2;sea;false;ocean;0
7059;35;5;51;sea;false;ocean;0
7060;11;26;41;sea;false;ocean;0
7061;9;31;51;sea;true;ocean;0
7062;5;18;49;sea;false;ocean;0
7063;34;26;29;sea;false;ocean;0
7064;0;69;21;sea;false;ocean;0
7065;39;9;47;sea;false;ocean;0
7066;1;19;34;sea;false;ocean;0
7067;36;3;53;sea;false;ocean;0
7068;40;20;25;sea;true;ocean;0
7069;34;45;18;sea;false;ocean;0
7070;38;1;46;sea;false;ocean;0
7071;74;15;0;sea;false;ocean;0
7072;32;3;49;sea;false;ocean;0
7073;19;12;1;sea;false;ocean;0
7074;52;11;2;sea;true;ocean;0
7075;30;4;65;sea;false;ocean;0
7076;58;5;1;sea;false;ocean;0
7077;18;42;35;sea;false;ocean;0
7078;43;22;17;sea;false;ocean;0
7079;34;3;56;sea;false;ocean;0
7080;31;1;67;sea;false;ocean;0
7081;14;28;8;sea;false;ocean;0
7082;18;31;2;sea;false;ocean;0
7083;30;5;57;sea;false;ocean;0
7084;35;12;25;sea;false;ocean;0
7085;0;2;58;sea;false;ocean;0
7086;7;13;20;sea;false;ocean;0
7087;34;24;37;sea;false;ocean;0
7088;15;32;10;sea;false;ocean;0
7089;12;19;55;sea;false;ocean;0
7090;0;16;7;sea;false;ocean;0
7091;6;76;1;sea;false;ocean;0
7092;4;62;24;sea;false;ocean;0
7093;19;39;17;sea;false;ocean;0
7094;5;28;27;sea;false;ocean;0
7095;7;1;24;sea;false;ocean;0
7096;39;19;12;sea;false;ocean;0
7097;16;18;42;sea;false;ocean;0
7098;28;20;2;sea;false;ocean;0
7099;45;35;0;sea;true;ocean;0
7100;23;19;3;sea;false;ocean;0
7101;1;1;67;sea;true;ocean;0
7102;20;12;5;sea;true;ocean;0
7103;52;0;21;sea;false;ocean;0
7104;18;22;56;sea;false;ocean;0
7105;31;31;1;sea;true;ocean;0
7106;37;28;28;sea;false;ocean;0
7107;3;11;63;sea;true;ocean;0
7108;0;10;31;sea;false;ocean;0
7109;3;80;12;sea;false;ocean;0
7110;4;16;22;sea;false;ocean;0
7111;0;0;77;sea;false;ocean;0
7112;16;36;40;sea;false;ocean;0
7113;39;26;2;sea;true;ocean;0
7114;4;43;3;sea;false;ocean;0
7115;68;20;5;sea;false;ocean;0
7116;0;82;6;sea;false;ocean;0
7117;8;11;8;sea;false;ocean;0
7118;28;26;40;sea;true;ocean;0
7119;12;14;37;sea;false;ocean;0
7120;20;40;15;sea;false;ocean;0
7121;2;88;4;sea;false;ocean;0
7122;34;16;28;sea;true;ocean;0
7123;20;3;43;sea;false;ocean;0
7124;13;36;4;sea;false;ocean;0
7125;40;31;5;sea;false;ocean;0
7126;27;2;47;sea;false;ocean;0
7127;2;67;17;sea;false;ocean;0
7128;20;15;52;sea;false;ocean;0
7129;18;57;3;sea;false;ocean;0
7130;47;48;2;sea;false;ocean;0
7131;6;47;1;sea;false;ocean;0
7132;12;30;53;sea;false;ocean;0
7133;60;1;11;sea;true;ocean;0
7134;17;68;9;sea;false;ocean;0
7135;0;51;11;sea;false;ocean;0
7136;11;22;6;sea;false;ocean;0
7137;8;65;14;sea;false;ocean;0
7138;15;26;33;sea;false;ocean;0
7139;40;16;1;sea;false;ocean;0
7140;8;16;61;sea;false;ocean;0
7141;32;46;14;sea;false;ocean;0
7142;18;25;29;sea;false;ocean;0
7143;75;7;10;sea;false;ocean;0
7144;48;27;15;sea;false;ocean;0
7145;16;23;10;sea;false;ocean;0
7146;16;19;27;sea;false;ocean;0
7147;1;50;17;sea;false;ocean;0
7148;18;31;3;sea;false;ocean;0
7149;4;12;59;sea;false;ocean;0
7150;8;44;14;sea;false;ocean;0
7151;57;7;13;sea;false;ocean;0
7152;12;22;35;sea;false;ocean;0
7153;7;0;50;sea;false;ocean;0
7154;15;32;5;sea;false;ocean;0
7155;59;13;1;sea;false;ocean;0
7156;55;19;0;sea;false;ocean;0
7157;23;8;21;sea;false;ocean;0
7158;15;34;11;sea;false;ocean;0
7159;27;25;1;sea;false;ocean;0
7160;32;0;61;sea;false;ocean;0
7161;16;78;1;sea;false;ocean;0
7162;35;32;2;sea;false;ocean;0
7163;52;13;5;sea;false;ocean;0
7164;32;11;7;sea;false;ocean;0
7165;22;40;11;sea;true;ocean;0
7166;3;27;61;sea;false;ocean;0
7167;31;22;46;sea;false;ocean;0
7168;54;29;7;sea;false;ocean;0
7169;8;25;51;sea;true;ocean;0
7170;67;1;16;sea;false;ocean;0
7171;13;20;51;sea;false;ocean;0
7172;41;1;41;sea;true;ocean;0
7173;20;25;37;sea;false;ocean;0
7174;8;41;45;sea;false;ocean;0
7175;14;7;38;sea;false;ocean;0
7176;1;33;42;sea;false;ocean;0
7177;43;31;18;sea;false;ocean;0
7178;6;17;5;sea;false;ocean;0
7179;26;34;22;sea;false;ocean;0
7180;48;12;37;sea;false;ocean;0
7181;14;28;15;sea;false;ocean;0
7182;29;20;44;sea;true;ocean;0
7183;27;11;44;sea;false;ocean;0
7184;8;41;21;sea;true;ocean;0
7185;74;13;0;sea;false;ocean;0
7186;41;8;48;sea;false;ocean;0
7187;2;52;35;sea;false;ocean;0
7188;44;10;27;sea;false;ocean;0
7189;13;58;21;sea;false;ocean;0
7190;22;29;42;sea;false;ocean;0
7191;17;53;20;sea;false;ocean;0
7192;38;18;26;sea;false;ocean;0
7193;6;37;29;sea;false;ocean;0
7194;12;11;29;sea;false;ocean;0
7195;15;47;37;sea;false;ocean;0
7196;45;52;2;sea;true;ocean;0
7197;14;63;19;sea;false;ocean;0
7198;22;18;10;sea;false;ocean;0
7199;7;15;10;sea;false;ocean;0
7200;23;28;6;sea;true;ocean;0
7201;46;6;10;sea;false;ocean;0
7202;6;58;23;sea;false;ocean;0
7203;10;12;10;sea;false;ocean;0
7204;65;22;3;sea;false;ocean;0
7205;9;8;16;sea;false;ocean;0
7206;68;13;0;sea;true;ocean;0
7207;56;25;12;sea;true;ocean;0
7208;55;15;11;sea;false;ocean;0
7209;8;39;8;sea;true;ocean;0
7210;24;17;40;sea;false;ocean;0
7211;24;13;1;sea;false;ocean;0
7212;12;53;25;sea;false;ocean;0
7213;1;23;36;sea;true;ocean;0
7214;52;11;24;sea;false;ocean;0
7215;29;16;33;sea;false;ocean;0
7216;43;22;24;sea;false;ocean;0
7217;27;17;46;sea;false;ocean;0
7218;42;6;13;sea;false;ocean;0
7219;16;30;25;sea;false;ocean;0
7220;31;5;17;sea;true;ocean;0
7221;34;17;4;sea;false;ocean;0
7222;3;17;40;sea;false;ocean;0
7223;31;26;28;sea;false;ocean;0
7224;35;9;3;sea;true;ocean;0
7225;5;26;20;sea;false;ocean;0
7226;7;28;11;sea;true;ocean;0
7227;26;17;56;sea;false;ocean;0
7228;16;22;56;sea;false;ocean;0
7229;73;5;2;sea;false;ocean;0
7230;81;9;7;sea;true;ocean;0
7231;7;36;51;sea;false;ocean;0
7232;18;36;26;sea;true;ocean;0
7233;23;62;9;sea;false;ocean;0
7234;18;33;5;sea;false;ocean;0
7235;42;3;27;sea;false;ocean;0
7236;38;26;9;sea;false;ocean;0
7237;25;11;50;sea;false;ocean;0
7238;43;36;5;sea;false;ocean;0
7239;33;7;12;sea;true;ocean;0
7240;6;6;69;sea;false;ocean;0
7241;30;11;14;sea;false;ocean;0
7242;27;47;25;sea;false;ocean;0
7243;12;35;32;sea;false;ocean;0
7244;7;73;15;sea;false;ocean;0
7245;7;50;15;sea;false;ocean;0
7246;15;8;15;sea;false;ocean;0
7247;60;25;4;sea;false;ocean;0
7248;27;36;32;sea;true;ocean;0
7249;53;2;21;sea;false;ocean;0
7250;1;4;18;sea;false;ocean;0
7251;0;8;72;sea;false;ocean;0
7252;11;60;10;sea;false;ocean;0
7253;6;51;1;sea;true;ocean;0
7254;43;52;1;sea;false;ocean;0
7255;47;5;25;sea;false;ocean;0
7256;23;6;67;sea;false;ocean;0
7257;13;20;28;sea;false;ocean;0
7258;26;41;22;sea;false;ocean;0
7259;6;1;64;sea;true;ocean;0
7260;24;29;38;sea;false;ocean;0
7261;25;10;53;sea;false;ocean;0
7262;42;13;14;sea;false;ocean;0
7263;67;8;9;sea;false;ocean;0
7264;60;6;28;sea;false;ocean;0
7265;53;16;30;sea;false;ocean;0
7266;12;21;45;sea;false;ocean;0
7267;23;20;15;sea;false;ocean;0
7268;33;25;8;sea;false;ocean;0
7269;36;53;2;sea;true;ocean;0
7270;4;35;26;sea;true;ocean;0
7271;3;59;21;sea;false;ocean;0
7272;40;29;5;sea;false;ocean;0
7273;70;7;5;sea;false;ocean;0
7274;21;22;50;sea;false;ocean;0
7275;2;21;9;sea;false;ocean;0
7276;4;64;16;sea;false;ocean;0
7277;8;4;18;sea;false;ocean;0
7278;22;12;49;sea;false;ocean;0
7279;5;41;51;sea;false;ocean;0
7280;14;3;70;sea;true;ocean;0
7281;7;24;59;sea;false;ocean;0
7282;59;7;8;sea;false;ocean;0
7283;51;22;14;sea;false;ocean;0
7284;6;18;49;sea;true;ocean;0
7285;44;15;32;sea;false;ocean;0
7286;31;7;9;sea;true;ocean;0
7287;0;93;6;sea;false;ocean;0
7288;6;74;6;sea;false;ocean;0
7289;8;6;2;sea;true;ocean;0
7290;19;14;49;sea;false;ocean;0
7291;3;49;41;sea;false;ocean;0
7292;21;0;68;sea;true;ocean;0
7293;3;3;64;sea;false;ocean;0
7294;33;15;33;sea;false;ocean;0
7295;0;73;4;sea;false;ocean;0
7296;3;13;62;sea;true;ocean;0
7297;13;40;5;sea;false;ocean;0
7298;45;0;54;sea;false;ocean;0
7299;44;3;2;sea;false;ocean;0
7300;36;22;32;sea;false;ocean;0
7301;10;42;17;sea;false;ocean;0
7302;33;24;1;sea;true;ocean;0
7303;11;35;16;sea;false;ocean;0
7304;2;63;26;sea;false;ocean;0
7305;5;13;66;sea;false;ocean;0
7306;16;28;12;sea;false;ocean;0
7307;17;8;65;sea;true;ocean;0
7308;2;29;21;sea;false;ocean;0
7309;25;11;2;sea;false;ocean;0
7310;20;47;12;sea;false;ocean;0
7311;38;3;25;sea;false;ocean;0
7312;17;4;46;sea;true;ocean;0
7313;13;1;50;sea;false;ocean;0
7314;17;14;24;sea;false;ocean;0
7315;31;61;4;sea;false;ocean;0
7316;41;39;16;sea;false;ocean;0
7317;0;32;13;sea;false;ocean;0
7318;4;52;17;sea;false;ocean;0
7319;32;30;19;sea;false;ocean;0
7320;26;0;51;sea;true;ocean;0
7321;33;11;32;sea;false;ocean;0
7322;42;42;14;sea;false;ocean;0
7323;1;9;65;sea;false;ocean;0
7324;0;49;0;sea;false;ocean;0
7325;18;30;7;sea;false;ocean;0
7326;19;52;5;sea;false;ocean;0
7327;35;33;19;sea;false;ocean;0
7328;40;11;16;sea;false;ocean;0
7329;44;47;0;sea;false;ocean;0
7330;9;16;74;sea;false;ocean;0
7331;41;20;0;sea;true;ocean;0
7332;64;0;27;sea;false;ocean;0
7333;6;68;11;sea;false;ocean;0
7334;2;48;16;sea;false;ocean;0
7335;2;24;26;sea;false;ocean;0
7336;38;36;18;sea;false;ocean;0
7337;56;7;14;sea;false;ocean;0
7338;54;6;17;sea;false;ocean;0
7339;14;31;34;sea;false;ocean;0
7340;24;15;2;sea;false;ocean;0
7341;2;9;33;sea;false;ocean;0
7342;8;30;6;sea;false;ocean;0
7343;31;19;34;sea;false;ocean;0
7344;38;4;47;sea;false;ocean;0
7345;12;57;0;sea;true;ocean;0
7346;8;61;1;sea;false;ocean;0
7347;22;36;24;sea;false;ocean;0
7348;2;3;14;sea;false;ocean;0
7349;0;15;1;sea;false;ocean;0
7350;11;48;38;sea;false;ocean;0
7351;20;17;50;sea;true;ocean;0
7352;30;17;11;sea;false;ocean;0
7353;11;16;35;sea;false;ocean;0
7354;27;44;17;sea;false;ocean;0
7355;32;15;17;sea;false;ocean;0
7356;36;27;1;sea;false;ocean;0
7357;15;31;3;sea;false;ocean;0
7358;54;4;32;sea;false;ocean;0
7359;24;2;59;sea;false;ocean;0
7360;22;7;1;sea;false;ocean;0
7361;3;56;40;sea;false;ocean;0
7362;21;33;17;sea;false;ocean;0
7363;31;29;32;sea;false;ocean;0
7364;7;25;35;sea;true;ocean;0
7365;26;5;56;sea;false;ocean;0
7366;58;9;16;sea;true;ocean;0
7367;12;26;20;sea;false;ocean;0
7368;8;24;37;sea;true;ocean;0
7369;35;26;36;sea;false;ocean;0
7370;22;0;28;sea;false;ocean;0
7371;16;10;43;sea;false;ocean;0
7372;61;6;0;sea;false;ocean;0
7373;37;12;21;sea;true;ocean;0
7374;43;20;31;sea;false;ocean;0
7375;48;16;19;sea;false;ocean;0
7376;17;17;29;sea;false;ocean;0
7377;35;15;43;sea;false;ocean;0
7378;23;64;9;sea;false;ocean;0
7379;10;12;19;sea;false;ocean;0
7380;18;12;62;sea;true;ocean;0
7381;8;39;46;sea;true;ocean;0
7382;13;32;27;sea;false;ocean;0
7383;28;8;8;sea;true;ocean;0
7384;35;63;0;sea;false;ocean;0
7385;14;63;13;sea;true;ocean;0
7386;7;60;15;sea;false;ocean;0
7387;55;40;0;sea;false;ocean;0
7388;26;16;49;sea;false;ocean;0
7389;2;94;2;sea;false;ocean;0
7390;21;26;7;sea;true;ocean;0
7391;18;4;18;sea;false;ocean;0
7392;57;26;8;sea;true;ocean;0
7393;25;19;6;sea;false;ocean;0
7394;12;2;36;sea;false;ocean;0
7395;43;13;30;sea;false;ocean;0
7396;35;17;25;sea;false;ocean;0
7397;30;43;17;sea;false;ocean;0
7398;29;0;49;sea;false;ocean;0
7399;13;17;57;sea;false;ocean;0
7400;42;8;45;sea;false;ocean;0
7401;63;35;0;sea;false;ocean;0
7402;2;4;56;sea;false;ocean;0
7403;52;37;3;sea;false;ocean;0
7404;13;3;12;sea;false;ocean;0
7405;6;0;78;sea;false;ocean;0
7406;20;49;29;sea;false;ocean;0
7407;66;14;4;sea;false;ocean;0
7408;24;26;28;sea;false;ocean;0
7409;30;4;48;sea;false;ocean;0
7410;42;5;22;sea;true;ocean;0
7411;22;4;15;sea;true;ocean;0
7412;0;25;6;sea;false;ocean;0
7413;36;7;5;sea;false;ocean;0
7414;32;37;17;sea;true;ocean;0
7415;15;9;43;sea;false;ocean;0
7416;44;12;32;sea;false;ocean;0
7417;6;54;22;sea;false;ocean;0
7418;10;20;54;sea;false;ocean;0
7419;46;16;14;sea;true;ocean;0
7420;55;18;2;sea;true;ocean;0
7421;12;20;41;sea;false;ocean;0
7422;58;4;33;sea;false;ocean;0
7423;16;68;0;sea;false;ocean;0
7424;3;52;16;sea;true;ocean;0
7425;10;49;18;sea;false;ocean;0
7426;34;1;20;sea;false;ocean;0
7427;21;55;14;sea;false;ocean;0
7428;86;3;2;sea;false;ocean;0
7429;34;8;15;sea;false;ocean;0
7430;5;16;73;sea;false;ocean;0
7431;16;50;8;sea;false;ocean;0
7432;2;47;31;sea;false;ocean;0
7433;70;4;1;sea;false;ocean;0
7434;53;28;16;sea;false;ocean;0
7435;18;0;74;sea;false;ocean;0
7436;28;32;5;sea;false;ocean;0
7437;47;15;12;sea;true;ocean;0
7438;37;52;10;sea;false;ocean;0
7439;39;12;4;sea;false;ocean;0
7440;15;24;38;sea;false;ocean;0
7441;3;91;4;sea;true;ocean;0
7442;16;2;62;sea;false;ocean;0
7443;1;15;53;sea;false;ocean;0
7444;25;28;37;sea;true;ocean;0
7445;18;16;13;sea;false;ocean;0
7446;10;19;21;sea;true;ocean;0
7447;22;54;3;sea;false;ocean;0
7448;50;26;20;sea;false;ocean;0
7449;42;9;13;sea;true;ocean;0
7450;16;67;12;sea;false;ocean;0
7451;26;3;31;sea;true;ocean;0
7452;3;26;50;sea;false;ocean;0
7453;26;15;18;sea;false;ocean;0
7454;21;63;6;sea;false;ocean;0
7455;80;0;9;sea;false;ocean;0
7456;4;20;2;sea;false;ocean;0
7457;8;63;24;sea;false;ocean;0
7458;12;52;32;sea;false;ocean;0
7459;52;20;19;sea;false;ocean;0
7460;21;44;26;sea;false;ocean;0
7461;3;28;28;sea;false;ocean;0
7462;13;25;23;sea;false;ocean;0
7463;13;69;4;sea;true;ocean;0
7464;8;68;14;sea;false;ocean;0
7465;21;36;18;sea;false;ocean;0
7466;66;20;0;sea;true;ocean;0
7467;3;22;33;sea;false;ocean;0
7468;67;6;6;sea;true;ocean;0
7469;24;22;50;sea;false;ocean;0
7470;63;11;3;sea;false;ocean;0
7471;1;25;38;sea;true;ocean;0
7472;31;42;24;sea;true;ocean;0
7473;60;26;12;sea;true;ocean;0
7474;31;38;2;sea;false;ocean;0
7475;17;7;65;sea;false;ocean;0
7476;6;13;51;sea;true;ocean;0
7477;31;6;8;sea;false;ocean;0
7478;26;4;1;sea;true;ocean;0
7479;54;12;12;sea;false;ocean;0
7480;45;7;10;sea;false;ocean;0
7481;11;65;1;sea;true;ocean;0
7482;2;15;2;sea;false;ocean;0
7483;9;39;36;sea;false;ocean;0
7484;4;70;3;sea;false;ocean;0
7485;46;28;2;sea;true;ocean;0
7486;2;4;42;sea;false;ocean;0
7487;5;75;2;sea;false;ocean;0
7488;46;1;12;sea;true;ocean;0
7489;27;15;33;sea;false;ocean;0
7490;25;1;27;sea;false;ocean;0
7491;7;38;28;sea;false;ocean;0
7492;52;29;6;sea;false;ocean;0
7493;81;0;1;sea;true;ocean;0
7494;36;35;9;sea;true;ocean;0
7495;22;21;29;sea;true;ocean;0
7496;16;17;65;sea;false;ocean;0
7497;4;41;24;sea;false;ocean;0
7498;6;3;20;sea;false;ocean;0
7499;9;14;50;sea;false;ocean;0
7500;14;27;16;sea;false;ocean;0
7501;40;21;28;sea;false;ocean;0
7502;16;29;16;sea;false;ocean;0
7503;17;37;7;sea;true;ocean;0
7504;78;3;14;sea;false;ocean;0
7505;85;0;3;sea;false;ocean;0
7506;19;33;19;sea;false;ocean;0
7507;25;12;32;sea;false;ocean;0
7508;2;72;13;sea;false;ocean;0
7509;22;6;26;sea;false;ocean;0
7510;5;33;49;sea;false;ocean;0
7511;39;5;42;sea;false;ocean;0
7512;20;26;31;sea;false;ocean;0
7513;28;27;27;sea;false;ocean;0
7514;33;20;0;sea;true;ocean;0
7515;20;3;75;sea;true;ocean;0
7516;25;13;4;sea;false;ocean;0
7517;11;49;12;sea;true;ocean;0
7518;30;48;11;sea;false;ocean;0
7519;23;21;51;sea;false;ocean;0
7520;13;49;12;sea;false;ocean;0
7521;40;20;26;sea;false;ocean;0
7522;0;87;1;sea;true;ocean;0
7523;27;41;0;sea;false;ocean;0
7524;27;52;18;sea;true;ocean;0
7525;14;70;13;sea;true;ocean;0
7526;49;5;26;sea;false;ocean;0
7527;49;4;11;sea;false;ocean;0
7528;15;53;0;sea;false;ocean;0
7529;20;0;26;sea;true;ocean;0
7530;2;1;83;sea;false;ocean;0
7531;0;14;73;sea;false;ocean;0
7532;24;56;15;sea;false;ocean;0
7533;57;14;20;sea;false;ocean;0
7534;13;22;17;sea;false;ocean;0
7535;15;11;40;sea;false;ocean;0
7536;1;14;21;sea;false;ocean;0
7537;13;29;48;sea;false;ocean;0
7538;10;14;15;sea;false;ocean;0
7539;16;69;7;sea;true;ocean;0
7540;7;37;40;sea;false;ocean;0
7541;2;2;58;sea;true;ocean;0
7542;33;8;18;sea;true;ocean;0
7543;21;57;2;sea;false;ocean;0
7544;10;25;2;sea;false;ocean;0
7545;32;11;35;sea;false;ocean;0
7546;56;1;15;sea;false;ocean;0
7547;1;7;75;sea;false;ocean;0
7548;44;19;25;sea;false;ocean;0
7549;11;50;12;sea;false;ocean;0
7550;53;33;13;sea;false;ocean;0
7551;2;27;49;sea;false;ocean;0
7552;57;11;12;sea;false;ocean;0
7553;22;34;19;sea;false;ocean;0
7554;3;17;4;sea;false;ocean;0
7555;64;25;6;sea;true;ocean;0
7556;27;58;0;sea;false;ocean;0
7557;7;30;56;sea;false;ocean;0
7558;57;2;12;sea;false;ocean;0
7559;2;53;30;sea;false;ocean;0
7560;55;9;18;sea;false;ocean;0
7561;4;29;64;sea;false;ocean;0
7562;44;2;53;sea;false;ocean;0
7563;1;28;66;sea;false;ocean;0
7564;6;53;20;sea;false;ocean;0
7565;11;10;48;sea;false;ocean;0
7566;13;41;34;sea;true;ocean;0
7567;0;23;33;sea;false;ocean;0
7568;18;15;42;sea;false;ocean;0
7569;17;20;12;sea;false;ocean;0
7570;68;7;15;sea;true;ocean;0
7571;38;8;36;sea;true;ocean;0
7572;10;36;25;sea;false;ocean;0
7573;1;48;5;sea;false;ocean;0
7574;27;41;5;sea;false;ocean;0
7575;17;50;19;sea;false;ocean;0
7576;83;7;4;sea;false;ocean;0
7577;1;14;36;sea;false;ocean;0
7578;30;25;16;sea;true;ocean;0
7579;6;21;4;sea;true;ocean;0
7580;23;25;23;sea;false;ocean;0
7581;12;63;13;sea;false;ocean;0
7582;57;24;5;sea;false;ocean;0
7583;33;9;26;sea;true;ocean;0
7584;20;18;29;sea;false;ocean;0
7585;23;46;15;sea;false;ocean;0
7586;1;50;47;sea;true;ocean;0
7587;45;11;9;sea;false;ocean;0
7588;68;13;15;sea;false;ocean;0
7589;4;44;45;sea;false;ocean;0
7590;18;19;42;sea;true;ocean;0
7591;3;71;11;sea;false;ocean;0
7592;18;18;28;sea;true;ocean;0
7593;20;77;2;sea;false;ocean;0
7594;8;44;18;sea;false;ocean;0
7595;70;1;6;sea;true;ocean;0
7596;0;75;16;sea;false;ocean;0
7597;14;0;81;sea;false;ocean;0
7598;84;3;9;sea;true;ocean;0
7599;64;1;9;sea;true;ocean;0
7600;69;6;11;sea;false;ocean;0
7601;27;10;25;sea;true;ocean;0
7602;18;20;1;sea;true;ocean;0
7603;18;72;8;sea;false;ocean;0
7604;41;2;43;sea;true;ocean;0
7605;22;38;25;sea;false;ocean;0
7606;9;42;21;sea;false;ocean;0
7607;29;24;41;sea;true;ocean;0
7608;42;9;43;sea;false;ocean;0
7609;22;11;33;sea;true;ocean;0
7610;30;16;33;sea;false;ocean;0
7611;0;81;7;sea;false;ocean;0
7612;49;28;2;sea;true;ocean;0
7613;24;33;15;sea;true;ocean;0
7614;4;12;56;sea;true;ocean;0
7615;77;7;2;sea;false;ocean;0
7616;20;0;61;sea;true;ocean;0
7617;6;4;66;sea;true;ocean;0
7618;0;38;24;sea;true;ocean;0
7619;3;85;1;sea;false;ocean;0
7620;2;5;44;sea;false;ocean;0
7621;43;18;26;sea;true;ocean;0
7622;12;8;8;sea;false;ocean;0
7623;10;29;49;sea;false;ocean;0
7624;47;35;1;sea;false;ocean;0
7625;35;31;15;sea;false;ocean;0
7626;8;69;6;sea;false;ocean;0
7627;32;18;17;sea;false;ocean;0
7628;41;1;53;sea;false;ocean;0
7629;33;0;56;sea;true;ocean;0
7630;32;29;10;sea;false;ocean;0
7631;1;8;52;sea;false;ocean;0
7632;9;41;27;sea;false;ocean;0
7633;48;3;46;sea;false;ocean;0
7634;8;73;8;sea;false;ocean;0
7635;47;34;0;sea;false;ocean;0
7636;8;30;31;sea;false;ocean;0
7637;35;31;9;sea;false;ocean;0
7638;14;5;77;sea;false;ocean;0
7639;50;32;5;sea;false;ocean;0
7640;82;5;6;sea;true;ocean;0
7641;38;7;32;sea;true;ocean;0
7642;34;33;19;sea;false;ocean;0
7643;9;68;17;sea;true;ocean;0
7644;0;11;43;sea;true;ocean;0
7645;49;5;41;sea;false;ocean;0
7646;9;41;19;sea;true;ocean;0
7647;8;8;12;sea;false;ocean;0
7648;0;60;5;sea;false;ocean;0
7649;47;12;18;sea;false;ocean;0
7650;49;2;27;sea;false;ocean;0
7651;24;14;10;sea;true;ocean;0
7652;67;6;12;sea;false;ocean;0
7653;29;19;36;sea;false;ocean;0
7654;15;9;62;sea;true;ocean;0
7655;25;40;12;sea;false;ocean;0
7656;43;10;25;sea;false;ocean;0
7657;26;26;25;sea;true;ocean;0
7658;2;35;32;sea;false;ocean;0
7659;9;36;36;sea;false;ocean;0
7660;27;55;9;sea;true;ocean;0
7661;7;33;34;sea;false;ocean;0
7662;45;31;21;sea;true;ocean;0
7663;48;6;11;sea;false;ocean;0
7664;58;29;3;sea;true;ocean;0
7665;21;26;39;sea;false;ocean;0
7666;43;17;31;sea;false;ocean;0
7667;27;12;5;sea;false;ocean;0
7668;5;74;5;sea;false;ocean;0
7669;13;26;24;sea;false;ocean;0
7670;63;15;13;sea;false;ocean;0
7671;9;55;4;sea;true;ocean;0
7672;88;1;4;sea;false;ocean;0
7673;8;73;2;sea;false;ocean;0
7674;56;24;11;sea;true;ocean;0
7675;82;3;14;sea;false;ocean;0
7676;20;5;53;sea;false;ocean;0
7677;1;4;36;sea;false;ocean;0
7678;37;17;37;sea;true;ocean;0
7679;27;39;0;sea;false;ocean;0
7680;39;25;28;sea;false;ocean;0
7681;51;0;38;sea;true;ocean;0
7682;24;48;0;sea;true;ocean;0
7683;11;0;72;sea;true;ocean;0
7684;15;7;28;sea;false;ocean;0
7685;70;1;20;sea;false;ocean;0
7686;81;17;0;sea;true;ocean;0
7687;22;13;35;sea;false;ocean;0
7688;66;21;2;sea;false;ocean;0
7689;64;30;3;sea;true;ocean;0
7690;16;59;0;sea;false;ocean;0
7691;17;20;44;sea;false;ocean;0
7692;69;6;1;sea;false;ocean;0
7693;18;51;30;sea;true;ocean;0
7694;48;14;9;sea;true;ocean;0
7695;38;8;20;sea;true;ocean;0
7696;5;39;38;sea;false;ocean;0
7697;57;14;9;sea;false;ocean;0
7698;81;5;1;sea;false;ocean;0
7699;4;42;13;sea;false;ocean;0
7700;4;1;12;sea;true;ocean;0
7701;63;23;5;sea;false;ocean;0
7702;30;38;31;sea;true;ocean;0
7703;48;17;4;sea;false;ocean;0
7704;6;12;70;sea;false;ocean;0
7705;64;28;4;sea;true;ocean;0
7706;14;34;29;sea;false;ocean;0
7707;30;10;45;sea;false;ocean;0
7708;1;0;8;sea;false;ocean;0
7709;57;1;41;sea;true;ocean;0
7710;12;1;4;sea;true;ocean;0
7711;38;35;9;sea;false;ocean;0
7712;37;36;17;sea;false;ocean;0
7713;28;52;6;sea;false;ocean;0
7714;15;42;40;sea;true;ocean;0
7715;21;32;4;sea;true;ocean;0
7716;17;23;12;sea;true;ocean;0
7717;0;65;24;sea;true;ocean;0
7718;19;18;21;sea;true;ocean;0
7719;51;45;1;sea;false;ocean;0
7720;34;38;24;sea;false;ocean;0
7721;2;60;37;sea;false;ocean;0
7722;4;10;38;sea;false;ocean;0
7723;5;71;16;sea;true;ocean;0
7724;35;17;37;sea;false;ocean;0
7725;48;10;17;sea;false;ocean;0
7726;63;6;7;sea;true;ocean;0
7727;57;12;16;sea;false;ocean;0
7728;14;38;8;sea;false;ocean;0
7729;10;20;33;sea;false;ocean;0
7730;14;18;4;sea;false;ocean;0
7731;21;1;4;sea;false;ocean;0
7732;1;7;53;sea;false;ocean;0
7733;5;9;42;sea;true;ocean;0
7734;19;1;30;sea;true;ocean;0
7735;41;27;5;sea;false;ocean;0
7736;0;80;19;sea;false;ocean;0
7737;3;65;10;sea;false;ocean;0
7738;7;10;34;sea;true;ocean;0
7739;32;8;13;sea;false;ocean;0
7740;0;1;37;sea;false;ocean;0
7741;48;48;3;sea;false;ocean;0
7742;2;74;8;sea;false;ocean;0
7743;21;30;37;sea;false;ocean;0
7744;29;33;34;sea;true;ocean;0
7745;21;44;20;sea;false;ocean;0
7746;8;46;8;sea;true;ocean;0
7747;12;58;10;sea;false;ocean;0
7748;17;35;38;sea;true;ocean;0
7749;4;28;65;sea;false;ocean;0
7750;13;74;10;sea;true;ocean;0
7751;22;32;1;sea;true;ocean;0
7752;6;48;0;sea;false;ocean;0
7753;4;37;22;sea;true;ocean;0
7754;29;11;26;sea;false;ocean;0
7755;5;21;46;sea;false;ocean;0
7756;12;18;24;sea;false;ocean;0
7757;63;21;5;sea;false;ocean;0
7758;12;16;49;sea;false;ocean;0
7759;11;11;34;sea;false;ocean;0
7760;20;34;9;sea;true;ocean;0
7761;11;10;61;sea;true;ocean;0
7762;56;16;16;sea;true;ocean;0
7763;8;16;26;sea;true;ocean;0
7764;5;32;19;sea;true;ocean;0
7765;1;11;56;sea;false;ocean;0
7766;19;40;1;sea;false;ocean;0
7767;6;9;55;sea;false;ocean;0
7768;15;6;4;sea;false;ocean;0
7769;4;29;2;sea;false;ocean;0
7770;14;31;53;sea;true;ocean;0
7771;21;44;2;sea;true;ocean;0
7772;16;30;53;sea;false;ocean;0
7773;19;51;10;sea;false;ocean;0
7774;5;21;58;sea;false;ocean;0
7775;56;1;10;sea;false;ocean;0
7776;28;10;16;sea;true;ocean;0
7777;3;55;4;sea;false;ocean;0
7778;5;67;15;sea;false;ocean;0
7779;10;31;3;sea;false;ocean;0
7780;28;21;18;sea;false;ocean;0
7781;1;16;40;sea;false;ocean;0
7782;69;9;7;sea;false;ocean;0
7783;34;23;1;sea;false;ocean;0
7784;40;1;10;sea;false;ocean;0
7785;41;6;16;sea;false;ocean;0
7786;22;27;37;sea;false;ocean;0
7787;10;68;4;sea;false;ocean;0
7788;10;63;8;sea;true;ocean;0
7789;50;28;12;sea;false;ocean;0
7790;28;19;15;sea;true;ocean;0
7791;17;13;34;sea;false;ocean;0
7792;25;8;3;sea;false;ocean;0
7793;4;41;36;sea;false;ocean;0
7794;9;6;46;sea;true;ocean;0
7795;23;0;64;sea;false;ocean;0
7796;5;40;33;sea;false;ocean;0
7797;32;41;7;sea;true;ocean;0
7798;8;45;10;sea;true;ocean;0
7799;41;42;5;sea;false;ocean;0
7800;34;57;7;sea;true;ocean;0
7801;4;9;54;sea;false;ocean;0
7802;10;45;10;sea;false;ocean;0
7803;8;1;14;sea;false;ocean;0
7804;13;2;43;sea;true;ocean;0
7805;20;18;57;sea;false;ocean;0
7806;40;5;44;sea;true;ocean;0
7807;10;29;52;sea;false;ocean;0
7808;54;29;11;sea;false;ocean;0
7809;25;5;23;sea;false;ocean;0
7810;0;8;62;sea;false;ocean;0
7811;3;79;13;sea;false;ocean;0
7812;25;48;20;sea;false;ocean;0
7813;0;27;54;sea;true;ocean;0
7814;21;3;39;sea;false;ocean;0
7815;60;6;9;sea;false;ocean;0
7816;15;15;38;sea;false;ocean;0
7817;1;20;29;sea;false;ocean;0
7818;15;18;25;sea;false;ocean;0
7819;39;8;1;sea;false;ocean;0
7820;47;19;25;sea;false;ocean;0
7821;7;4;2;sea;false;ocean;0
7822;26;57;9;sea;false;ocean;0
7823;61;7;10;sea;false;ocean;0
7824;32;7;37;sea;false;ocean;0
7825;26;31;39;sea;false;ocean;0
7826;21;30;47;sea;false;ocean;0
7827;28;16;15;sea;false;ocean;0
7828;9;25;31;sea;false;ocean;0
7829;14;2;36;sea;true;ocean;0
7830;6;56;18;sea;false;ocean;0
7831;43;15;7;sea;false;ocean;0
7832;40;23;13;sea;true;ocean;0
7833;23;1;7;sea;false;ocean;0
7834;5;68;20;sea;true;ocean;0
7835;41;1;50;sea;false;ocean;0
7836;1;57;17;sea;false;ocean;0
7837;49;24;6;sea;true;ocean;0
7838;54;9;29;sea;true;ocean;0
7839;16;45;28;sea;true;ocean;5
7840;10;50;3;sea;false;ocean;0
7841;23;2;63;sea;true;ocean;0
7842;3;19;67;sea;false;ocean;0
7843;28;2;67;sea;false;ocean;0
7844;23;3;59;sea;false;ocean;0
7845;21;10;50;sea;false;ocean;0
7846;37;25;16;sea;false;ocean;0
7847;27;14;16;sea;true;ocean;0
7848;25;10;15;sea;true;ocean;0
7849;32;17;2;sea;false;ocean;0
7850;54;12;11;sea;true;ocean;0
7851;60;31;2;sea;true;ocean;0
7852;71;12;2;sea;true;ocean;0
7853;17;54;25;sea;false;ocean;0
7854;1;13;83;sea;false;ocean;0
7855;42;52;0;sea;true;ocean;0
7856;39;11;37;sea;false;ocean;0
7857;14;24;13;sea;false;ocean;0
7858;25;10;12;sea;true;ocean;0
7859;61;2;33;sea;false;ocean;0
7860;15;2;61;sea;false;ocean;0
7861;4;55;36;sea;false;ocean;0
7862;9;28;27;sea;false;ocean;0
7863;14;5;66;sea;true;ocean;0
7864;0;12;27;sea;true;ocean;0
7865;29;13;32;sea;true;ocean;0
7866;7;3;5;sea;true;ocean;0
7867;29;4;17;sea;false;ocean;0
7868;4;33;33;sea;false;ocean;0
7869;2;53;10;sea;true;ocean;0
7870;8;33;51;sea;true;ocean;0
7871;7;0;45;sea;true;ocean;0
7872;49;49;0;sea;true;ocean;0
7873;2;55;2;sea;false;ocean;0
7874;0;18;47;sea;false;ocean;0
7875;7;3;37;sea;true;ocean;0
7876;67;0;26;sea;true;ocean;0
7877;32;27;4;sea;false;ocean;0
7878;53;30;10;sea;false;ocean;0
7879;32;37;23;sea;false;ocean;0
7880;54;17;9;sea;false;ocean;0
7881;21;20;30;sea;false;ocean;0
7882;13;44;28;sea;false;ocean;0
7883;53;29;17;sea;false;ocean;0
7884;35;19;28;sea;true;ocean;0
7885;9;9;21;sea;true;ocean;0
7886;5;24;30;sea;false;ocean;0
7887;42;2;51;sea;true;ocean;5
7888;43;47;1;sea;true;ocean;0
7889;24;0;74;sea;false;ocean;0
7890;0;31;60;sea;false;ocean;0
7891;9;89;0;sea;true;ocean;0
7892;28;14;24;sea;true;ocean;0
7893;38;15;27;sea;false;ocean;0
7894;20;49;4;sea;false;ocean;0
7895;2;25;2;sea;false;ocean;0
7896;18;53;9;sea;true;ocean;0
7897;1;48;50;sea;false;ocean;0
7898;41;33;12;sea;true;ocean;0
7899;1;15;45;sea;false;ocean;0
7900;10;24;59;sea;true;ocean;0
7901;39;29;31;sea;false;ocean;0
7902;59;32;0;sea;true;ocean;0
7903;2;33;54;sea;true;ocean;0
7904;35;21;15;sea;true;ocean;0
7905;9;37;21;sea;false;ocean;0
7906;63;14;11;sea;true;ocean;0
7907;23;25;21;sea;true;ocean;0
7908;14;40;39;sea;false;ocean;0
7909;77;5;10;sea;true;ocean;0
7910;67;5;17;sea;true;water_fjords;0
7911;34;16;39;sea;false;ocean;0
7912;1;73;9;sea;false;ocean;0
7913;1;19;29;sea;true;ocean;0
7914;20;12;41;sea;true;ocean;0
7915;46;22;15;sea;false;ocean;0
7916;15;20;58;sea;true;ocean;0
7917;39;6;51;sea;true;ocean;0
7918;67;0;2;sea;true;ocean;0
7919;57;2;39;sea;true;ocean;0
7920;3;82;10;sea;true;ocean;0
7921;33;5;2;sea;false;ocean;0
7922;5;62;6;sea;false;ocean;0
7923;1;5;23;sea;true;ocean;0
7924;4;35;32;sea;false;ocean;0
7925;16;39;23;sea;false;ocean;0
7926;16;29;46;sea;true;ocean;0
7927;39;30;29;sea;true;ocean;0
7928;22;14;21;sea;false;ocean;0
7929;7;43;23;sea;false;ocean;0
7930;16;27;48;sea;true;ocean;0
7931;78;1;11;sea;false;ocean;0
7932;20;31;41;sea;false;ocean;0
7933;31;1;46;sea;true;ocean;0
7934;19;55;19;sea;true;ocean;0
7935;19;7;36;sea;true;ocean;0
7936;68;14;16;sea;false;ocean;0
7937;16;32;40;sea;true;ocean;0
7938;27;11;38;sea;false;ocean;0
7939;0;20;17;sea;false;ocean;0
7940;33;10;42;sea;true;ocean;0
7941;67;8;3;sea;true;ocean;0
7942;4;34;32;sea;false;ocean;0
7943;14;25;44;sea;false;ocean;0
7944;22;58;4;sea;false;ocean;0
7945;23;9;47;sea;false;ocean;0
7946;12;56;21;sea;false;ocean;0
7947;30;56;9;sea;false;ocean;0
7948;20;12;49;sea;false;ocean;0
7949;10;81;2;sea;false;ocean;0
7950;70;13;6;sea;false;ocean;0
7951;14;60;15;sea;true;ocean;0
7952;29;58;4;sea;false;ocean;0
7953;34;64;1;sea;false;ocean;0
7954;27;42;6;sea;false;ocean;0
7955;54;5;20;sea;false;ocean;0
7956;3;11;46;sea;true;ocean;0
7957;1;10;10;sea;true;ocean;0
7958;32;29;18;sea;true;ocean;0
7959;31;8;24;sea;false;ocean;0
7960;40;12;45;sea;false;ocean;0
7961;32;20;34;sea;false;ocean;0
7962;51;30;17;sea;true;ocean;0
7963;36;24;2;sea;true;ocean;0
7964;44;26;15;sea;false;ocean;0
7965;71;0;28;sea;true;ocean;0
7966;59;0;11;sea;false;ocean;0
7967;3;32;39;sea;false;ocean;0
7968;18;36;32;sea;false;ocean;0
7969;4;29;41;sea;true;ocean;0
7970;13;64;20;sea;false;ocean;0
7971;39;18;7;sea;false;ocean;0
7972;47;18;28;sea;false;ocean;0
7973;9;17;21;sea;true;ocean;0
7974;53;8;36;sea;false;ocean;0
7975;37;4;35;sea;true;ocean;0
7976;33;0;57;sea;true;ocean;0
7977;28;65;3;sea;true;ocean;0
7978;25;38;29;sea;false;ocean;0
7979;7;43;9;sea;false;ocean;0
7980;30;6;44;sea;true;ocean;0
7981;12;67;19;sea;true;ocean;0
7982;33;19;11;sea;false;ocean;0
7983;19;7;73;sea;true;ocean;0
7984;53;10;24;sea;false;ocean;0
7985;12;65;8;sea;true;ocean;0
7986;4;1;50;sea;false;ocean;0
7987;22;16;24;sea;false;ocean;0
7988;3;9;28;sea;false;ocean;0
7989;17;9;38;sea;true;ocean;0
7990;7;4;86;sea;true;ocean;0
7991;16;31;39;sea;false;ocean;0
7992;9;2;65;sea;false;ocean;0
7993;11;48;37;sea;true;ocean;0
7994;10;30;52;sea;false;ocean;0
7995;49;0;19;sea;true;ocean;0
7996;3;12;73;sea;false;ocean;0
7997;57;15;27;sea;false;ocean;0
7998;27;5;7;sea;false;ocean;0
7999;8;8;19;sea;false;ocean;0
8000;80;16;1;sea;true;ocean;0
8001;70;7;11;sea;true;ocean;0
8002;38;42;9;sea;true;ocean;0
8003;33;36;25;sea;false;ocean;0
8004;22;43;23;sea;false;ocean;0
8005;39;18;9;sea;false;ocean;0
8006;6;74;3;sea;false;ocean;0
8007;44;38;16;sea;false;ocean;0
8008;23;43;2;sea;true;ocean;0
8009;21;14;21;sea;true;ocean;0
8010;66;16;14;sea;true;ocean;0
8011;13;72;2;sea;true;ocean;5
8012;0;27;43;sea;false;ocean;0
8013;34;12;30;sea;false;ocean;0
8014;50;6;31;sea;false;ocean;0
8015;9;17;38;sea;true;ocean;0
8016;45;18;24;sea;true;ocean;0
8017;27;37;15;sea;false;ocean;0
8018;30;14;18;sea;false;ocean;0
8019;8;11;56;sea;false;ocean;0
8020;2;81;14;sea;false;ocean;0
8021;28;0;47;sea;true;ocean;0
8022;40;4;8;sea;false;ocean;0
8023;51;28;19;sea;false;ocean;0
8024;39;20;21;sea;true;ocean;0
8025;67;23;7;sea;true;ocean;0
8026;16;34;47;sea;true;ocean;0
8027;17;54;18;sea;false;ocean;0
8028;61;1;10;sea;false;ocean;0
8029;38;34;24;sea;true;ocean;0
8030;33;27;5;sea;true;ocean;0
8031;64;1;7;sea;false;ocean;0
8032;4;26;36;sea;false;ocean;0
8033;2;26;31;sea;false;ocean;0
8034;2;23;19;sea;true;ocean;0
8035;28;14;27;sea;false;ocean;0
8036;8;26;19;sea;false;ocean;0
8037;29;22;15;sea;true;ocean;0
8038;2;28;52;sea;true;ocean;0
8039;11;51;25;sea;true;ocean;0
8040;28;41;10;sea;true;ocean;0
8041;0;37;16;sea;false;ocean;0
8042;23;21;21;sea;false;ocean;0
8043;38;0;61;sea;true;ocean;0
8044;22;27;38;sea;false;ocean;0
8045;23;65;0;sea;false;ocean;0
8046;10;17;32;sea;true;ocean;0
8047;3;22;59;sea;true;ocean;0
8048;49;14;18;sea;true;ocean;0
8049;24;69;4;sea;true;ocean;0
8050;1;10;63;sea;true;ocean;0
8051;1;15;64;sea;true;ocean;0
8052;7;10;66;sea;false;ocean;0
8053;18;45;15;sea;false;ocean;0
8054;20;45;11;sea;true;ocean;0
8055;67;22;5;sea;false;ocean;0
8056;18;38;26;sea;false;ocean;0
8057;16;22;50;sea;true;ocean;0
8058;11;49;32;sea;false;ocean;0
8059;8;73;4;sea;false;ocean;0
8060;25;67;1;sea;true;ocean;0
8061;5;5;53;sea;false;ocean;0
8062;36;11;11;sea;true;ocean;0
8063;11;8;19;sea;false;ocean;0
8064;12;45;36;sea;true;ocean;0
8065;23;21;1;sea;false;ocean;0
8066;30;42;13;sea;true;ocean;0
8067;24;41;29;sea;true;ocean;0
8068;17;6;18;sea;false;ocean;0
8069;19;11;28;sea;true;ocean;0
8070;50;21;22;sea;false;ocean;0
8071;26;6;67;sea;false;ocean;0
8072;26;6;13;sea;false;ocean;0
8073;3;1;42;sea;true;ocean;0
8074;43;14;31;sea;true;ocean;0
8075;10;56;1;sea;false;ocean;0
8076;76;6;4;sea;false;ocean;0
8077;13;55;20;sea;false;ocean;0
8078;3;39;22;sea;true;ocean;0
8079;43;37;8;sea;false;ocean;0
8080;47;1;12;sea;true;ocean;0
8081;37;43;10;sea;true;ocean;0
8082;9;7;9;sea;true;ocean;0
8083;5;47;47;sea;false;ocean;0
8084;22;42;13;sea;false;ocean;0
8085;22;40;1;sea;true;ocean;0
8086;0;7;60;sea;false;ocean;0
8087;32;38;15;sea;false;ocean;0
8088;23;24;29;sea;false;ocean;0
8089;27;3;29;sea;true;ocean;0
8090;30;23;32;sea;false;ocean;0
8091;45;21;5;sea;false;ocean;0
8092;39;21;12;sea;false;ocean;0
8093;11;27;40;sea;false;ocean;0
8094;38;4;0;sea;true;ocean;0
8095;3;16;49;sea;true;ocean;0
8096;33;13;26;sea;true;ocean;0
8097;18;47;32;sea;false;ocean;0
8098;12;34;34;sea;true;ocean;0
8099;7;57;31;sea;true;ocean;0
8100;53;6;10;sea;true;ocean;0
8101;19;40;23;sea;false;ocean;0
8102;28;30;10;sea;false;ocean;0
8103;12;13;71;sea;false;ocean;0
8104;56;9;15;sea;false;ocean;0
8105;38;48;10;sea;true;ocean;0
8106;71;1;7;sea;false;ocean;0
8107;20;6;44;sea;false;ocean;0
8108;18;18;59;sea;true;ocean;0
8109;22;63;8;sea;false;ocean;0
8110;17;38;0;sea;true;ocean;0
8111;16;5;35;sea;false;ocean;0
8112;22;66;3;sea;false;ocean;0
8113;18;5;34;sea;false;ocean;0
8114;0;51;27;sea;false;ocean;0
8115;53;28;1;sea;false;ocean;0
8116;29;6;28;sea;false;ocean;0
8117;21;32;9;sea;false;ocean;0
8118;3;35;42;sea;false;ocean;0
8119;30;3;8;sea;false;ocean;0
8120;20;41;37;sea;false;ocean;0
8121;3;59;25;sea;true;ocean;0
8122;4;84;2;sea;false;ocean;0
8123;57;18;3;sea;true;ocean;0
8124;14;50;12;sea;false;ocean;0
8125;8;63;19;sea;false;ocean;0
8126;34;18;2;sea;true;ocean;0
8127;34;15;47;sea;false;ocean;0
8128;9;64;3;sea;true;ocean;0
8129;2;48;42;sea;false;ocean;0
8130;48;8;0;sea;false;ocean;0
8131;20;43;33;sea;true;ocean;0
8132;35;36;1;sea;false;ocean;0
8133;33;32;28;sea;false;ocean;0
8134;2;52;34;sea;false;ocean;0
8135;0;47;46;sea;false;ocean;0
8136;12;54;14;sea;true;ocean;0
8137;33;46;5;sea;true;ocean;0
8138;40;13;8;sea;false;ocean;0
8139;9;49;19;sea;false;ocean;0
8140;17;3;70;sea;true;ocean;0
8141;2;64;2;sea;false;ocean;0
8142;54;2;30;sea;false;ocean;0
8143;13;66;12;sea;true;ocean;0
8144;3;5;20;sea;true;ocean;0
8145;30;21;36;sea;false;ocean;0
8146;27;20;30;sea;true;ocean;0
8147;84;12;3;sea;true;ocean;0
8148;10;39;50;sea;false;ocean;0
8149;23;38;14;sea;false;ocean;0
8150;7;40;31;sea;true;ocean;0
8151;3;13;39;sea;true;ocean;0
8152;32;25;34;sea;false;ocean;0
8153;9;31;31;sea;true;ocean;0
8154;28;56;15;sea;true;ocean;0
8155;2;7;10;sea;true;ocean;0
8156;16;14;5;sea;true;ocean;0
8157;24;58;13;sea;true;ocean;0
8158;2;9;44;sea;false;ocean;0
8159;2;7;64;sea;true;ocean;0
8160;29;40;10;sea;false;ocean;0
8161;18;14;37;sea;true;ocean;0
8162;38;7;23;sea;false;ocean;0
8163;21;20;36;sea;true;ocean;0
8164;32;21;41;sea;false;ocean;0
8165;37;7;33;sea;false;ocean;0
8166;47;1;17;sea;false;ocean;0
8167;15;58;16;sea;true;ocean;0
8168;6;16;25;sea;false;ocean;0
8169;56;26;15;sea;true;ocean;0
8170;0;86;13;sea;false;ocean;0
8171;26;8;2;sea;true;ocean;0
8172;72;3;14;sea;true;ocean;0
8173;19;30;16;sea;false;ocean;0
8174;15;19;33;sea;true;ocean;0
8175;1;13;22;sea;false;ocean;0
8176;52;19;18;sea;true;ocean;0
8177;49;42;6;sea;true;ocean;0
8178;9;45;42;sea;false;ocean;0
8179;1;17;3;sea;false;ocean;0
8180;23;5;70;sea;false;ocean;0
8181;10;45;26;sea;false;ocean;0
8182;35;20;24;sea;true;ocean;0
8183;46;1;22;sea;false;ocean;0
8184;12;25;0;sea;false;ocean;0
8185;6;49;14;sea;false;ocean;0
8186;33;2;23;sea;true;ocean;0
8187;17;33;13;sea;false;ocean;0
8188;10;19;55;sea;true;ocean;0
8189;20;1;38;sea;false;ocean;0
8190;14;1;58;sea;false;ocean;0
8191;70;0;15;sea;false;ocean;0
8192;54;34;7;sea;false;ocean;0
8193;55;4;26;sea;false;ocean;0
8194;18;2;52;sea;false;ocean;0
8195;40;10;48;sea;false;ocean;0
8196;36;21;20;sea;false;ocean;0
8197;0;45;40;sea;false;ocean;0
8198;8;44;35;sea;true;ocean;0
8199;9;21;37;sea;false;ocean;0
8200;39;9;44;sea;false;ocean;0
8201;9;75;9;sea;false;ocean;0
8202;28;33;26;sea;false;ocean;0
8203;22;22;34;sea;false;ocean;0
8204;73;57;1;lake;false;lakes;0
8205;77;28;24;lake;false;lakes;2
8206;48;43;48;lake;false;lakes;3
8207;18;29;83;lake;false;water_shallow_sea;0
8208;5;66;36;sea;true;water_shallow_sea;0
8209;7;26;89;lake;false;water_shallow_sea;5
8210;28;16;66;lake;false;lakes;5
8211;37;67;5;lake;false;lakes;5
8212;17;19;88;lake;false;ocean;0
8213;71;26;20;lake;false;lakes;0
8214;36;72;8;sea;true;water_shallow_sea;5
8215;40;41;49;lake;false;water_shallow_sea;5
8216;17;6;94;sea;true;water_shallow_sea;2
8217;5;5;105;lake;false;lakes;5
8218;48;56;5;lake;false;lakes;5
8219;242;27;139;land;true;plains;4
8220;2;62;191;land;true;plains;2
8221;163;250;87;land;true;plains;3
8222;143;43;227;land;true;plains;3
8223;87;183;59;land;false;urban;2
8224;141;249;160;land;true;hills;2
